model,attacker,config,temperature,runs,precision_mean,precision_sd,recall_mean,recall_sd,f1_mean,f1_sd,accuracy_mean,accuracy_sd,fpr_mean,fpr_sd,section_acc_mean,section_acc_sd,tp_fp_fn_tn_per_run
llama3.1:8b,qwen2.5:7b,A,-,3,0.821,0.007,0.990,0.000,0.898,0.004,0.885,0.005,0.224,0.010,0.112,0.006,101/23/1/75; 101/21/1/77; 101/22/1/76
llama3.1:8b,qwen2.5:7b,B,0.5,3,0.719,0.033,0.935,0.006,0.813,0.023,0.780,0.031,0.381,0.058,0.133,0.034,95/42/7/56; 95/39/7/59; 96/31/6/67
llama3.1:8b,qwen2.5:7b,B,0.7,3,0.741,0.020,0.915,0.020,0.819,0.006,0.793,0.012,0.333,0.041,0.147,0.016,91/29/11/69; 95/37/7/61; 94/32/8/66
llama3.1:8b,qwen2.5:7b,B,0.9,3,0.705,0.015,0.941,0.017,0.806,0.007,0.768,0.012,0.412,0.036,0.149,0.014,94/37/8/61; 97/44/5/54; 97/40/5/58
llama3.1:8b,qwen2.5:7b,C,0.5,3,0.559,0.112,0.098,0.029,0.167,0.048,0.502,0.021,0.078,0.016,0.225,0.079,7/8/95/90; 13/6/89/92; 10/9/92/89
llama3.1:8b,qwen2.5:7b,C,0.7,3,0.481,0.042,0.098,0.010,0.162,0.012,0.485,0.009,0.112,0.027,0.302,0.030,10/12/92/86; 9/8/93/90; 11/13/91/85
llama3.1:8b,qwen2.5:7b,C,0.9,3,0.613,0.171,0.088,0.010,0.154,0.020,0.503,0.025,0.065,0.042,0.257,0.039,9/3/93/95; 8/11/94/87; 10/5/92/93
qwen2.5:7b,qwen2.5:7b,A,-,1,0.933,0.000,0.951,0.000,0.942,0.000,0.940,0.000,0.071,0.000,0.031,0.000,97/7/5/91
qwen2.5:7b,qwen2.5:7b,B,0.5,1,0.885,0.000,0.755,0.000,0.815,0.000,0.825,0.000,0.102,0.000,0.052,0.000,77/10/25/88
qwen2.5:7b,qwen2.5:7b,B,0.7,1,0.893,0.000,0.735,0.000,0.806,0.000,0.820,0.000,0.092,0.000,0.013,0.000,75/9/27/89
qwen2.5:7b,qwen2.5:7b,B,0.9,1,0.874,0.000,0.745,0.000,0.804,0.000,0.815,0.000,0.112,0.000,0.039,0.000,76/11/26/87
qwen2.5:7b,qwen2.5:7b,C,0.5,1,0.829,0.000,0.569,0.000,0.674,0.000,0.720,0.000,0.122,0.000,0.121,0.000,58/12/44/86
qwen2.5:7b,qwen2.5:7b,C,0.7,1,0.805,0.000,0.608,0.000,0.693,0.000,0.725,0.000,0.153,0.000,0.016,0.000,62/15/40/83
qwen2.5:7b,qwen2.5:7b,C,0.9,1,0.823,0.000,0.637,0.000,0.718,0.000,0.745,0.000,0.143,0.000,0.062,0.000,65/14/37/84
gemma2:9b,qwen2.5:7b,A,-,1,0.990,0.000,0.990,0.000,0.990,0.000,0.990,0.000,0.010,0.000,0.079,0.000,101/1/1/97
gemma2:9b,qwen2.5:7b,B,0.5,1,0.882,0.000,0.804,0.000,0.841,0.000,0.845,0.000,0.112,0.000,0.085,0.000,82/11/20/87
gemma2:9b,qwen2.5:7b,B,0.7,1,0.881,0.000,0.725,0.000,0.796,0.000,0.810,0.000,0.102,0.000,0.081,0.000,74/10/28/88
gemma2:9b,qwen2.5:7b,B,0.9,1,0.885,0.000,0.755,0.000,0.815,0.000,0.825,0.000,0.102,0.000,0.091,0.000,77/10/25/88
gemma2:9b,qwen2.5:7b,C,0.5,1,0.675,0.000,0.833,0.000,0.746,0.000,0.710,0.000,0.418,0.000,0.188,0.000,85/41/17/57
gemma2:9b,qwen2.5:7b,C,0.7,1,0.694,0.000,0.824,0.000,0.753,0.000,0.725,0.000,0.378,0.000,0.095,0.000,84/37/18/61
gemma2:9b,qwen2.5:7b,C,0.9,1,0.689,0.000,0.804,0.000,0.742,0.000,0.714,0.000,0.381,0.000,0.146,0.000,82/37/20/60/1err
