timestamp,config,temperature,id,true_label,predicted,violation_flag,dpdp_section,reason
2026-06-15 10:29:44,A_compliance_only,0.5,TC001,violating,violating,True,"Section 12 (not explicitly mentioned, but related to consent)",The text explicitly states that data is shared with affiliate marketing partners without a clear lawful purpose.
2026-06-15 10:29:44,A_compliance_only,0.5,TC002,violating,violating,True,"Section 7, clause (b)",The text does not specify that the processing of personal data is limited to such data as is necessary for the uses specified in clause (b) of section 7 of the Act.
2026-06-15 10:29:44,A_compliance_only,0.5,TC003,violating,violating,True,Section 2(2),"The text does not provide clear means for Data Principals to make requests for exercising their rights, as required by Section 2(2) of the DPDP Act, 2023."
2026-06-15 10:29:44,A_compliance_only,0.5,TC004,violating,violating,True,Section 9,"The text does not explicitly state the lawful purposes for data collection, and the time period for opting out is less than the specified three years."
2026-06-15 10:29:44,A_compliance_only,0.5,TC005,violating,violating,True,Section 7(b),"The text does not explicitly state the purpose of data collection, and the collection of location data for advertising purposes may be considered unlawful."
2026-06-15 10:29:44,A_compliance_only,0.5,TC006,compliant,compliant,False,,The text explicitly states data is collected solely for a stated purpose (order receipt) and provides an opt-out mechanism.
2026-06-15 10:29:44,A_compliance_only,0.5,TC007,compliant,compliant,False,,"The text explicitly states that consent is obtainable and withdrawable, which is compliant with DPDP."
2026-06-15 10:29:44,A_compliance_only,0.5,TC008,compliant,compliant,False,,"The text explicitly states that data is deleted (withdrawal of consent) within 24 hours, which is compliant with DPDP rules."
2026-06-15 10:29:44,A_compliance_only,0.5,TC009,violating,violating,True,Section 5,"The text is requesting sensitive personal data (blood group, exact GPS location, and mother's maiden name) for a purpose that is not explicitly stated as lawful (e.g., employment, legal obligations, state subsidies, healthcare, fraud detection)."
2026-06-15 10:29:44,A_compliance_only,0.5,TC010,violating,violating,True,Section 7,"The app is collecting personal data (phone's microphone and contact list) without specifying a lawful purpose, such as employment, legal obligations, state subsidies, healthcare, or fraud detection."
2026-06-15 10:29:44,A_compliance_only,0.5,TC011,violating,violating,True,Section 4,"Processing is restricted to tracking and behavioural monitoring in the interests of safety of children entrusted in the care of such institution, crèche or centre, but the text does not mention children or any such institution."
2026-06-15 10:29:44,A_compliance_only,0.5,TC012,violating,violating,True,Section 28,"The text does not explicitly state that the data is collected for a lawful purpose, such as employment or state subsidies, and does not mention any consent mechanisms."
2026-06-15 10:29:44,A_compliance_only,0.5,TC013,compliant,compliant,False,,"The text explicitly states that location access is disabled when no trip is in progress, implying that data is only collected for a stated purpose."
2026-06-15 10:29:44,A_compliance_only,0.5,TC014,compliant,compliant,False,,"The text explicitly states that only name and email address are collected for account creation, which is a lawful purpose."
2026-06-15 10:29:44,A_compliance_only,0.5,TC015,violating,violating,True,Section 41,"The text requires the Data Principal to provide Aadhaar number and biometric scan, which may be considered as an unlawful collection of personal data for purposes not explicitly stated."
2026-06-15 10:29:44,A_compliance_only,0.5,TC016,violating,violating,True,Section 7,"The text does not explicitly state the lawful purpose of data collection, which is required under the DPDP Act, 2023."
2026-06-15 10:29:44,A_compliance_only,0.5,TC017,violating,violating,True,Section 11,"The text does not verify that the parent company is a designated authority or a court-appointed guardian, as required by Section 11 of the DPDP Act, 2023, for processing the personal data of a child."
2026-06-15 10:29:44,A_compliance_only,0.5,TC018,violating,violating,True,Section 9,"The method of withdrawing consent (mailing a physical, notarized letter) is not specified in the DPDP Act 2023, and the Data Fiduciary is not providing a clear point of contact for questions about processing."
2026-06-15 10:29:44,A_compliance_only,0.5,TC019,violating,violating,True,Section 9,"The consent process is not clear and easy to understand, and the method of opting out is inconvenient and not easily accessible."
2026-06-15 10:29:44,A_compliance_only,0.5,TC020,violating,violating,True,Section 25,"The Consent Manager is imposing a fee for processing consent withdrawal, which is not compliant with the ease of doing so being comparable to that with which such consent was given."
2026-06-15 10:29:44,A_compliance_only,0.5,TC021,compliant,compliant,False,,"The text explicitly states that data can be withdrawn with ease, which is compliant with DPDP Act 2023 Section 3(i)(i)."
2026-06-15 10:29:44,A_compliance_only,0.5,TC022,violating,violating,True,Section 8(1),"The Data Fiduciary is retaining personal data indefinitely, which is not in compliance with the specified time period for erasure as per Section 8(1) of the DPDP Act, 2023."
2026-06-15 10:29:44,A_compliance_only,0.5,TC023,violating,violating,True,Section 8,"The company is retaining user data for an indefinite period, which is longer than the specified time period for erasure as per Section 8 of the DPDP Act."
2026-06-15 10:29:44,A_compliance_only,0.5,TC024,compliant,compliant,False,,"The text explicitly states data is deleted within 30 days of account closure, which is compliant with the DPDP Act 2023."
2026-06-15 10:29:44,A_compliance_only,0.5,TC025,compliant,compliant,False,,The text explicitly states that data is deleted after a stated period and the user is notified beforehand.
2026-06-15 10:29:44,A_compliance_only,0.5,TC026,violating,violating,True,"6, 7","The company stores sensitive user data, including passwords and credit card details, in a plain-text Excel file, which is not a reasonable security safeguard as per Section 6 of the DPDP Act, 2023, and does not meet the requirements for intimation of personal data breach as per Section 7."
2026-06-15 10:29:44,A_compliance_only,0.5,TC027,violating,violating,True,Section 6,"The text explicitly states that the database is publicly accessible via an unsecured API endpoint, which is a clear violation of the requirement to take reasonable security safeguards to prevent personal data breach."
2026-06-15 10:29:44,A_compliance_only,0.5,TC028,compliant,compliant,False,,"The text explicitly states that personal data is encrypted at rest and in transit, and access is restricted to authorised personnel only."
2026-06-15 10:29:44,A_compliance_only,0.5,TC029,compliant,compliant,False,,"The text describes PROTECTION using ISO 27001 certification, role-based access controls, and continuous monitoring for unauthorized access."
2026-06-15 10:29:44,A_compliance_only,0.5,TC030,violating,violating,True,7,"The Data Fiduciary is instructed not to notify the affected Data Principals or the Data Protection Board of the personal data breach, which is a violation of the mandatory response within ninety days and clear protocols for personal data breach notification."
2026-06-15 10:29:44,A_compliance_only,0.5,TC031,violating,violating,True,Section 24,"The Data Fiduciary is delaying notification of a personal data breach, which is required to be done without delay."
2026-06-15 10:29:44,A_compliance_only,0.5,TC032,compliant,compliant,False,,The text explicitly states that the data breach was reported to the Data Protection Board within 72 hours and individual notifications were sent to affected users within 24 hours of discovery.
2026-06-15 10:29:44,A_compliance_only,0.5,TC033,violating,violating,True,"Section 30, Section 3","The text does not provide a clear point of contact for questions relating to personal data, as required by Section 30 and implied by Section 3."
2026-06-15 10:29:44,A_compliance_only,0.5,TC034,violating,violating,True,Section 30(3),"The Data Fiduciary has not prominently published on its website or app, or both, within a reasonable period not exceeding ninety days under its grievance redressal system for responding to the grievances of Data Principals."
2026-06-15 10:29:44,A_compliance_only,0.5,TC035,compliant,compliant,False,,The text explicitly states that grievances are acknowledged and resolved within a specified timeframe.
2026-06-15 10:29:44,A_compliance_only,0.5,TC036,compliant,compliant,False,,"The text explicitly states that data protection complaints are responded to within 30 days as required by law, indicating compliance with the DPDP Act 2023."
2026-06-15 10:29:44,A_compliance_only,0.5,TC037,violating,violating,True,Right to Correct Personal Data,The system denied a request to correct personal data without providing a valid reason or offering an alternative solution.
2026-06-15 10:29:44,A_compliance_only,0.5,TC038,violating,compliant,False,,The text explicitly states that data is not shared with users.
2026-06-15 10:29:44,A_compliance_only,0.5,TC039,compliant,compliant,False,,The text explicitly states that requests to access or delete personal data are processed within 90 days as required by the DPDP Act.
2026-06-15 10:29:44,A_compliance_only,0.5,TC040,compliant,compliant,False,,"The text explicitly states that erasure requests are processed within 30 days, which is compliant with the DPDP's Mandatory Response within Ninety Days rule."
2026-06-15 10:29:44,A_compliance_only,0.5,TC041,violating,violating,True,Section 28,The text does not verify the parent's identity or age before processing the child's personal data.
2026-06-15 10:29:44,A_compliance_only,0.5,TC042,violating,violating,True,Section 3,"The Data Fiduciary (the website or app) has not provided a clear and plain language notice to the Data Principal (the user) about the processing of their personal data, specifically the details necessary to enable the Data Principal to give specific and informed consent for the processing of their personal data."
2026-06-15 10:29:44,A_compliance_only,0.5,TC043,violating,compliant,False,,"The text explicitly states that a parent or guardian's consent is required for users under 18, and provides a method for verification via DigiLocker, which is a legitimate Digital Locker Service Provider."
2026-06-15 10:29:44,A_compliance_only,0.5,TC044,violating,violating,True,Section 3,"The text explicitly states that behavioural profiles of child users are being sold to educational technology companies, which is not a lawful purpose as per the DPDP Act 2023."
2026-06-15 10:29:44,A_compliance_only,0.5,TC045,compliant,compliant,False,Section 28,The text explicitly states that verifiable consent is obtained from a parent or guardian via a DigiLocker-integrated verification system before account creation or data processing for users under 18.
2026-06-15 10:29:44,A_compliance_only,0.5,TC046,compliant,compliant,False,,"The text explicitly states that children's data is used solely for the provision of educational services, which is a lawful purpose."
2026-06-15 10:29:44,A_compliance_only,0.5,TC047,violating,violating,True,15,The text explicitly states that personal data is being transferred outside the territory of India without meeting the requirements specified by the Central Government.
2026-06-15 10:29:44,A_compliance_only,0.5,TC048,violating,violating,True,15,The data is being transferred outside the territory of India without meeting the requirements specified by the Central Government.
2026-06-15 10:29:44,A_compliance_only,0.5,TC049,compliant,compliant,False,,"The text explicitly states that personal data is stored within India and not transferred outside, which is compliant with the DPDP Act, 2023."
2026-06-15 10:29:44,A_compliance_only,0.5,TC050,compliant,compliant,False,,"The text explicitly states that personal data is transferred only to countries approved by the Central Government, which is a lawful purpose."
2026-06-15 10:29:44,A_compliance_only,0.5,TC051,violating,violating,True,Section 2,"The text does not explicitly mention consent mechanisms, and the purpose of data collection is not stated as lawful."
2026-06-15 10:29:44,A_compliance_only,0.5,TC052,violating,violating,True,Section 2,"The health data is being used for a purpose other than the protection of the Data Principal's health, which is not allowed under the Act."
2026-06-15 10:29:44,A_compliance_only,0.5,TC053,compliant,compliant,False,,"The text explicitly states that location data is deleted once delivery is confirmed, which is a compliant use of data."
2026-06-15 10:29:44,A_compliance_only,0.5,TC054,compliant,compliant,False,,The text explicitly states that data is only used for a stated purpose (order confirmations and critical security alerts) and not shared without separate explicit consent.
2026-06-15 10:29:44,A_compliance_only,0.5,TC055,violating,violating,True,Section 9,"As a Significant Data Fiduciary, the company has failed to conduct a Data Protection Impact Assessment annually, as required."
2026-06-15 10:29:44,A_compliance_only,0.5,TC056,violating,violating,True,Section 6,"The text does not mention taking reasonable security safeguards to prevent personal data breach, as required by Section 6 of the DPDP Act."
2026-06-15 10:29:44,A_compliance_only,0.5,TC057,compliant,compliant,False,,"The text explicitly states that the organization conducts annual Data Protection Impact Assessments and independent audits, which is a compliant action."
2026-06-15 10:29:44,A_compliance_only,0.5,TC058,violating,violating,True,Section 4(1),"The Consent Manager platform is operated by a company not incorporated in India, which is a requirement for registration as a Consent Manager under Part A of the First Schedule."
2026-06-15 10:29:44,A_compliance_only,0.5,TC059,compliant,compliant,False,,"The text explicitly states that the Consent Manager is registered with the Data Protection Board, which implies compliance with registration requirements."
2026-06-15 10:29:44,A_compliance_only,0.5,TC060,compliant,compliant,False,,"The text explicitly states that the data is processed under the Employment Purposes provision of the DPDP Act, which is a lawful purpose."
2026-06-15 10:29:44,A_compliance_only,0.5,TC061,compliant,compliant,False,,The text explicitly states that data is processed for a lawful purpose (RBI KYC guidelines) and does not mention any unlawful data collection or sharing.
2026-06-15 10:29:44,A_compliance_only,0.5,TC062,violating,violating,True,Section 7,"The text explicitly states that personal data is processed without consent, which is not allowed under the DPDP Act unless it relates to essential services such as healthcare, but only if the processing is necessary for the service and not for other purposes."
2026-06-15 10:29:44,A_compliance_only,0.5,TC063,violating,violating,True,,"The text does not specify the purposes for which personal data is collected and used, which is a requirement for consent."
2026-06-15 10:29:44,A_compliance_only,0.5,TC064,violating,violating,True,Section 6(f),"The text explicitly states that the third-party data processor does not have a contractual obligation to maintain security safeguards, which is a requirement under Section 6(f) of the DPDP Act."
2026-06-15 10:29:44,A_compliance_only,0.5,TC065,compliant,compliant,False,,"The text explicitly states that data processors are contractually bound to maintain the same security standards as the Data Fiduciary and are prohibited from processing data beyond instructions, indicating compliance with DPDP rules."
2026-06-15 10:29:44,A_compliance_only,0.5,TC066,violating,violating,True,Section 12,"The privacy policy is not accessible to all Data Principals due to language barriers, which is a violation of the requirement to provide clear and transparent notice under DPDP."
2026-06-15 10:29:44,A_compliance_only,0.5,TC067,violating,violating,True,30,"The text does not provide clear and separate means for Data Principals to make a request for the exercise of their rights, as required by Section 30."
2026-06-15 10:29:44,A_compliance_only,0.5,TC068,compliant,compliant,False,,"The text explicitly states that consent is obtained before collecting personal data, which is compliant with the DPDP Act."
2026-06-15 10:29:44,A_compliance_only,0.5,TC069,compliant,compliant,False,,The text does not mention any explicit violation of DPDP Act 2023.
2026-06-15 10:29:44,A_compliance_only,0.5,TC070,violating,violating,True,Right to Nominate Another Person,"The text explicitly states that users cannot nominate another person to exercise their data rights on their behalf, which is in violation of the right to nominate another person as per the DPDP Act."
2026-06-15 10:29:44,A_compliance_only,0.5,TC071,compliant,compliant,False,,"The text does not explicitly mention any DPDP violations, and it does not claim to follow regulatory frameworks without specifying consent mechanisms."
2026-06-15 10:29:44,A_compliance_only,0.5,TC072,violating,violating,True,Section 36,"The text explicitly states that anonymised user behaviour profiles are sold to third-party data brokers for commercial profiling, which may be considered a violation of the Data Fiduciary's responsibility to protect personal data and ensure it is not used for unlawful purposes."
2026-06-15 10:29:44,A_compliance_only,0.5,TC073,compliant,compliant,False,,"The text explicitly states that no personally identifiable information is included in the transfers, which is compliant with the DPDP Act."
2026-06-15 10:29:44,A_compliance_only,0.5,TC074,violating,violating,True,Section 9,"The text explicitly states that personal data is shared with group companies for cross-selling without obtaining separate consent for each company, which is a violation of the Data Protection Act."
2026-06-15 10:29:44,A_compliance_only,0.5,TC075,violating,violating,True,Section 9,The Data Fiduciary is not providing clear contact information for questions about processing personal data.
2026-06-15 10:29:44,A_compliance_only,0.5,TC076,compliant,compliant,False,,"The text explicitly states that users can request a summary of their personal data, which is compliant with the DPDP Act's right to access personal data."
2026-06-15 10:29:44,A_compliance_only,0.5,TC077,violating,violating,True,Section 7,"The text describes a system that denies loan applications without providing any right of appeal for the applicant, which is a violation of the Right to Give or Refuse Consent and the Right to Know How Data is Used."
2026-06-15 10:29:44,A_compliance_only,0.5,TC078,compliant,compliant,False,,"This text describes a right to contest automated decision-making, which is compliant with DPDP."
2026-06-15 10:29:44,A_compliance_only,0.5,TC079,violating,violating,True,16,"The text claims research exemption to process and retain user data indefinitely without consent, which is not in line with the requirements specified in Section 16 of the DPDP Act, 2023, that processing of personal data necessary for research, archiving or statistical purposes must be carried on in accordance with the standards specified in the Second Schedule."
2026-06-15 10:29:44,A_compliance_only,0.5,TC080,compliant,compliant,False,,"The text explicitly states that data is deleted after the study, which is compliant with the DPDP Act."
2026-06-15 10:29:44,A_compliance_only,0.5,TC081,compliant,compliant,False,,The text explicitly states that data is only used for a stated purpose (receiving a receipt) and provides an option to withdraw consent.
2026-06-15 10:29:44,A_compliance_only,0.5,TC082,violating,violating,True,Section 7,"The text implies that users who do not actively untick the marketing consent boxes are considered to have consented, which may not be in line with the requirement for explicit consent."
2026-06-15 10:29:44,A_compliance_only,0.5,TC083,violating,violating,True,Section 10,"The text implies that refusal to consent to data collection will result in permanent account suspension and data deletion, which is not compliant with the requirement to obtain verifiable consent for processing of personal data of a child."
2026-06-15 10:29:44,A_compliance_only,0.5,TC084,compliant,compliant,False,,"The text explicitly states that citizens are informed of the processing via the scheme portal, indicating transparency and compliance with the DPDP Act."
2026-06-15 10:29:44,A_compliance_only,0.5,TC085,violating,violating,True,Section 9,"The text explicitly states that citizen data is shared with private companies for commercial use, which is not a lawful purpose under the DPDP Act, 2023."
2026-06-15 10:29:44,A_compliance_only,0.5,TC086,violating,violating,True,"Section 7, Section 17","The text describes sharing patient medical records without patient consent, which is a violation of the Data Protection and Digital Privacy Act."
2026-06-15 10:29:44,A_compliance_only,0.5,TC087,compliant,compliant,False,,"The text explicitly states that patient health data is processed solely for the provision of healthcare services and is not shared with any third party without explicit patient consent, which is a lawful purpose."
2026-06-15 10:29:44,A_compliance_only,0.5,TC088,compliant,compliant,False,,"The text explicitly states that the data is used solely for payroll disbursement as required under employment law, which is a lawful purpose."
2026-06-15 10:29:44,A_compliance_only,0.5,TC089,violating,violating,True,Section 36,"The text explicitly states that financial transaction data is shared without consent, which is a violation of the Data Protection and Digital Personal Data Protection Act."
2026-06-15 10:29:44,A_compliance_only,0.5,TC090,compliant,violating,True,"Right to Erase Personal Data, Mandatory Response within Ninety Days",The Data Fiduciary is not meeting the mandatory response time of ninety days as specified in the DPDP Act 2023.
2026-06-15 10:29:44,A_compliance_only,0.5,TC091,violating,violating,True,Mandatory Response within Ninety Days,"The company does not respond to data access requests within the permitted time of 90 days, instead taking up to 180 days at their discretion."
2026-06-15 10:29:44,A_compliance_only,0.5,TC092,violating,violating,True,Section 6,"The text describes the collection of personal data without the knowledge of users, which is a violation of the reasonable security safeguards required under Section 6 of the DPDP Act, 2023."
2026-06-15 10:29:44,A_compliance_only,0.5,TC093,compliant,compliant,False,,"The text explicitly states that no individual profiling is performed, which is compliant with the DPDP Act."
2026-06-15 10:29:44,A_compliance_only,0.5,TC094,violating,violating,True,Section 6,"The Data Fiduciary is collecting personal data without taking reasonable security safeguards to prevent personal data breach, specifically failing to secure personal data through encryption, obfuscation, masking or the use of virtual tokens mapped to that personal data."
2026-06-15 10:29:44,A_compliance_only,0.5,TC095,compliant,compliant,False,,"The text explicitly states that employees are informed of monitoring through the employment contract, which is a lawful purpose."
2026-06-15 10:29:44,A_compliance_only,0.5,TC096,compliant,compliant,False,,"The text explicitly states data is deleted after 30 days, which is a stated purpose."
2026-06-15 10:29:44,A_compliance_only,0.5,TC097,compliant,violating,True,Section 6,"The system logs IP address and device fingerprint without explicit consent for stated security purposes only, which may not be considered a lawful purpose under the DPDP Act, 2023."
2026-06-15 10:29:44,A_compliance_only,0.5,TC098,compliant,compliant,False,,"The text explicitly states that data is deleted when the user clears their history, which is compliant with DPDP rules."
2026-06-15 10:29:44,A_compliance_only,0.5,TC099,compliant,compliant,False,,"The text explicitly states that data is used solely for legal compliance, which is a lawful purpose."
2026-06-15 10:29:44,A_compliance_only,0.5,TC100,compliant,compliant,False,,The text explicitly states data is used for a lawful purpose (fraud detection)
2026-06-16 04:05:21,A_compliance_only,0.5,TC001,violating,violating,True,Section 12(1) and Section 13(1),"The text explicitly states that the user's browsing history will be shared with affiliate marketing partners, which is not a lawful purpose as per DPDP Act 2023."
2026-06-16 04:05:21,A_compliance_only,0.5,TC002,violating,violating,True,"Section 7, clause (b)","The text does not specify consent mechanisms for processing personal data for targeted advertising, which is not a lawful purpose under clause (b) of section 7."
2026-06-16 04:05:21,A_compliance_only,0.5,TC003,violating,violating,True,Section 2(2),"The text does not provide clear means for Data Principals to make a request for exercising their rights, as required by Section 2(2) of the DPDP Act, 2023."
2026-06-16 04:05:21,A_compliance_only,0.5,TC004,violating,violating,True,Section 9,"The text does not explicitly state that consent is obtained before sharing personal data, and instead relies on an opt-out mechanism within 24 hours of account creation."
2026-06-16 04:05:21,A_compliance_only,0.5,TC005,violating,violating,True,Section 7(b),"The text does not provide an opt-out option for sharing location data, and the consent mechanism is not explicit."
2026-06-16 04:05:21,A_compliance_only,0.5,TC006,compliant,compliant,False,,The text explicitly states data is collected solely for a stated purpose (order receipt) and provides an opt-out mechanism.
2026-06-16 04:05:21,A_compliance_only,0.5,TC007,compliant,compliant,False,,The text explicitly states that consent is given before data collection and allows withdrawal at any time.
2026-06-16 04:05:21,A_compliance_only,0.5,TC008,compliant,compliant,False,,"The text explicitly states that withdrawal of consent will take effect within 24 hours, which is comparable to the ease of doing so being comparable to that with which such consent was given as per Section 25 of the DPDP Act."
2026-06-16 04:05:21,A_compliance_only,0.5,TC009,violating,violating,True,Section 5,"The text is requesting sensitive personal data (mother's maiden name, exact GPS location) for a purpose that is not explicitly stated as lawful (employment, legal obligations, state subsidies, healthcare, fraud detection)."
2026-06-16 04:05:21,A_compliance_only,0.5,TC010,violating,violating,True,"Section 7, Section 9","The text does not specify the lawful purposes for which the data is being collected, and the collection of contact list data may not be necessary for the basic functionality of the calculator app."
2026-06-16 04:05:21,A_compliance_only,0.5,TC011,violating,violating,True,Section 4,"The app continuously collects real-time location even when not in use, which is not restricted to the extent necessary for the protection of the child's safety and security."
2026-06-16 04:05:21,A_compliance_only,0.5,TC012,violating,violating,True,Section 11,"The text does not verify that the guardian (parent) is appointed by a court of law, or by a designated authority or by a local level committee, under the law applicable to guardianship, as required for a person with disability who has a lawful guardian."
2026-06-16 04:05:21,A_compliance_only,0.5,TC013,compliant,compliant,False,,"The text explicitly states that location access is disabled when no trip is in progress, implying that data is only collected for a stated purpose."
2026-06-16 04:05:21,A_compliance_only,0.5,TC014,compliant,compliant,False,,"The text explicitly states that only name and email address are collected for account creation, which is a stated purpose."
2026-06-16 04:05:21,A_compliance_only,0.5,TC015,violating,violating,True,Section 41,"The text explicitly mentions the collection of Aadhaar number and biometric scan, which is a violation of the DPDP Act 2023, specifically Section 41, which restricts the use of personal data for purposes other than those specified, such as performance of any function under any law or disclosure of information for fulfilling any obligation under any law."
2026-06-16 04:05:21,A_compliance_only,0.5,TC016,violating,violating,True,Section 7,"The text does not specify the lawful purpose of data collection, which is required under the DPDP Act, 2023."
2026-06-16 04:05:21,A_compliance_only,0.5,TC017,violating,violating,True,Section 11,"The text does not verify that the parent company is a designated authority or a court-appointed guardian, as required by Section 11 for processing personal data of a child."
2026-06-16 04:05:21,A_compliance_only,0.5,TC018,violating,violating,True,Section 9,"The method of withdrawing consent (mailing a physical, notarized letter) is not specified as being available for all Data Principals, and the location of the headquarters (Iceland) may not be accessible to all individuals."
2026-06-16 04:05:21,A_compliance_only,0.5,TC019,violating,violating,True,Section 9,"The consent process is not clear and easy to understand, and the opt-out process is inconvenient and not accessible online."
2026-06-16 04:05:21,A_compliance_only,0.5,TC020,violating,violating,True,Section 25,"The Consent Manager is imposing a fee for processing consent withdrawal, which is not compliant with the ease of doing so being comparable to that with which such consent was given."
2026-06-16 04:05:21,A_compliance_only,0.5,TC021,compliant,compliant,False,,"The text explicitly states that data can be withdrawn with ease, which is compliant with DPDP Act 2023 Section 3(i)(i)."
2026-06-16 04:05:21,A_compliance_only,0.5,TC022,violating,violating,True,Section 8,"The Data Fiduciary is retaining personal data indefinitely, which is not in line with the specified time period for erasure as per Section 8 of the DPDP Act, 2023."
2026-06-16 04:05:21,A_compliance_only,0.5,TC023,violating,violating,True,Section 8,"The company is retaining user data for the lifetime of the company, which exceeds the specified time period for erasure."
2026-06-16 04:05:21,A_compliance_only,0.5,TC024,compliant,compliant,False,,"The text explicitly states data is deleted within 30 days of account closure, which is compliant with the DPDP Act 2023."
2026-06-16 04:05:21,A_compliance_only,0.5,TC025,compliant,compliant,False,,"The text explicitly states that data is deleted after 30 days, and a notification is sent before deletion, which is compliant with the DPDP Act 2023."
2026-06-16 04:05:21,A_compliance_only,0.5,TC026,violating,violating,True,Section 6,"The Data Fiduciary is storing sensitive personal data (passwords and credit card details) in plain text, which is a violation of the requirement to take reasonable security safeguards."
2026-06-16 04:05:21,A_compliance_only,0.5,TC027,violating,violating,True,Section 6,"The text explicitly states that the database is publicly accessible via an unsecured API endpoint, which is a clear violation of the requirement to take reasonable security safeguards to prevent personal data breach."
2026-06-16 04:05:21,A_compliance_only,0.5,TC028,compliant,compliant,False,,"The text explicitly states that personal data is encrypted at rest and in transit, and access is restricted to authorised personnel."
2026-06-16 04:05:21,A_compliance_only,0.5,TC029,compliant,compliant,False,,"The text explicitly states that data is stored on ISO 27001 certified servers, which is a protection mechanism."
2026-06-16 04:05:21,A_compliance_only,0.5,TC030,violating,violating,True,7,"The Data Fiduciary is instructed not to notify the affected Data Principals or the Data Protection Board about the personal data breach, which is a requirement under Section 7 of the DPDP Act."
2026-06-16 04:05:21,A_compliance_only,0.5,TC031,violating,violating,True,Section 24,The Data Fiduciary has not notified users within the required timeframe after discovering a breach.
2026-06-16 04:05:21,A_compliance_only,0.5,TC032,compliant,compliant,False,,The text explicitly states that the data breach was notified to the Data Protection Board within 72 hours and individual notifications were sent to affected users within 24 hours of discovery.
2026-06-16 04:05:21,A_compliance_only,0.5,TC033,violating,violating,True,"Section 30, Section 3","The text does not provide a clear point of contact for questions relating to personal data, as required by Section 30 and implied by Section 3."
2026-06-16 04:05:21,A_compliance_only,0.5,TC034,violating,violating,True,Section 30(3),"The Data Fiduciary has not prominently published on its website or app, or both, within a reasonable period not exceeding ninety days under its grievance redressal system for responding to the grievances of Data Principals."
2026-06-16 04:05:21,A_compliance_only,0.5,TC035,compliant,compliant,False,,The text explicitly states that grievances are acknowledged and resolved within a stated timeframe.
2026-06-16 04:05:21,A_compliance_only,0.5,TC036,compliant,compliant,False,,"The text explicitly states that data protection complaints are responded to within 30 days as required by law, indicating compliance with the DPDP Act 2023."
2026-06-16 04:05:21,A_compliance_only,0.5,TC037,violating,violating,True,Right to Correct Personal Data,The system denied a request to correct personal data without providing a valid reason or offering an alternative solution.
2026-06-16 04:05:21,A_compliance_only,0.5,TC038,violating,compliant,False,,"The text explicitly states that data is not shared with users, which is compliant with the DPDP Act."
2026-06-16 04:05:21,A_compliance_only,0.5,TC039,compliant,compliant,False,,The text explicitly states that requests to access or delete personal data are processed within 90 days as required by the DPDP Act.
2026-06-16 04:05:21,A_compliance_only,0.5,TC040,compliant,compliant,False,,"The text explicitly states that erasure requests are processed within 30 days, which is compliant with the DPDP Act 2023's Mandatory Response within Ninety Days section."
2026-06-16 04:05:21,A_compliance_only,0.5,TC041,violating,violating,True,Section 28,The text does not verify the parent's identity or age before processing the child's personal data.
2026-06-16 04:05:21,A_compliance_only,0.5,TC042,violating,violating,True,Section 3,"The Data Fiduciary (the website or app) has not provided a clear and plain language notice to the Data Principal (the user) about the processing of their personal data, as required by Section 3 of the DPDP Rules."
2026-06-16 04:05:21,A_compliance_only,0.5,TC043,violating,compliant,False,Section 28,"The text explicitly states that it requires verifiable consent from a parent or guardian, and provides a method for verification using DigiLocker, which is a Digital Locker Service Provider."
2026-06-16 04:05:21,A_compliance_only,0.5,TC044,violating,violating,True,Section 3,"The text explicitly states that behavioural profiles of child users are being sold to educational technology companies, which is not a lawful purpose as per the DPDP Act 2023."
2026-06-16 04:05:21,A_compliance_only,0.5,TC045,compliant,compliant,False,Section 28,The text explicitly states that verifiable consent is obtained from a parent or guardian via a DigiLocker-integrated verification system before any account creation or data processing for users under 18.
2026-06-16 04:05:21,A_compliance_only,0.5,TC046,compliant,compliant,False,,"The text explicitly states that children's data is used solely for the provision of educational services, which is a lawful purpose."
2026-06-16 04:05:21,A_compliance_only,0.5,TC047,violating,violating,True,15,The text explicitly states that personal data is being transferred outside the territory of India without meeting the requirements specified by the Central Government.
2026-06-16 04:05:21,A_compliance_only,0.5,TC048,violating,violating,True,15,The data is being transferred outside the territory of India without meeting the requirements specified by the Central Government.
2026-06-16 04:05:21,A_compliance_only,0.5,TC049,compliant,compliant,False,,"The text explicitly states that personal data is stored on servers located in India and not transferred outside India, which is compliant with the DPDP Act, 2023."
2026-06-16 04:05:21,A_compliance_only,0.5,TC050,compliant,compliant,False,,"The text explicitly states that personal data is transferred only to countries approved by the Central Government, which is compliant with the DPDP Act."
2026-06-16 04:05:21,A_compliance_only,0.5,TC051,violating,violating,True,Section 2,"The text does not explicitly state the purpose of collecting the phone number, which is necessary for two-factor authentication, but also uses it for promotional SMS messages without clear consent."
2026-06-16 04:05:21,A_compliance_only,0.5,TC052,violating,violating,True,Section 2,"The health data is being used for a purpose other than the protection of the Data Principal's health, which is not allowed under Section 2 of the DPDP Act."
2026-06-16 04:05:21,A_compliance_only,0.5,TC053,compliant,compliant,False,,"The text explicitly states that location data is deleted once delivery is confirmed, which is a compliant use of data."
2026-06-16 04:05:21,A_compliance_only,0.5,TC054,compliant,compliant,False,,The text explicitly states that data is only used for a stated purpose (order confirmations and critical security alerts) and that marketing is only done with separate explicit consent.
2026-06-16 04:05:21,A_compliance_only,0.5,TC055,violating,violating,True,Section 9,"As a Significant Data Fiduciary, the company has failed to conduct a Data Protection Impact Assessment annually, as required."
2026-06-16 04:05:21,A_compliance_only,0.5,TC056,violating,violating,True,Section 6,"The text does not mention the implementation of reasonable security safeguards to prevent personal data breach, as required by Section 6 of the DPDP Act."
2026-06-16 04:05:21,A_compliance_only,0.5,TC057,compliant,compliant,False,,"The text explicitly states that the organization conducts annual Data Protection Impact Assessments and independent audits, which is a compliant action."
2026-06-16 04:05:21,A_compliance_only,0.5,TC058,violating,violating,True,Section 4(1),"The Consent Manager platform is operated by a company not incorporated in India, which is a requirement for registration as a Consent Manager under the DPDP Act."
2026-06-16 04:05:21,A_compliance_only,0.5,TC059,compliant,compliant,False,,"The text explicitly states that the Consent Manager is registered with the Data Protection Board, which implies compliance with registration requirements."
2026-06-16 04:05:21,A_compliance_only,0.5,TC060,compliant,compliant,False,,The text explicitly states that the data is processed for lawful employment purposes.
2026-06-16 04:05:21,A_compliance_only,0.5,TC061,compliant,compliant,False,,This text is compliant as it mentions lawful purposes (onboarding as required by RBI KYC guidelines) and does not indicate any unlawful data collection or processing.
2026-06-16 04:05:21,A_compliance_only,0.5,TC062,violating,violating,True,Section 7,"The text explicitly states that personal data is processed without consent, which is a violation of the DPDP Act's requirement for verifiable consent from a parent or guardian for children's personal data, and for a person with a disability to have their lawful guardian give consent."
2026-06-16 04:05:21,A_compliance_only,0.5,TC063,violating,violating,True,,"The text does not specify the purposes for which personal data is collected and used, as required by the DPDP Act."
2026-06-16 04:05:21,A_compliance_only,0.5,TC064,violating,violating,True,Section 6,"The text explicitly states that the third-party data processor does not have a contractual obligation to maintain security safeguards, which is a violation of Section 6 of the DPDP Act, 2023, which requires Data Fiduciaries to ensure that Data Processors take reasonable security safeguards."
2026-06-16 04:05:21,A_compliance_only,0.5,TC065,compliant,compliant,False,,The text explicitly states that data processors are contractually bound to maintain the same security standards as the Data Fiduciary and are prohibited from processing data beyond instructions.
2026-06-16 04:05:21,A_compliance_only,0.5,TC066,violating,violating,True,Section 12,"The privacy policy is not accessible to Data Principals who do not understand English, which is a violation of the requirement to provide notice in a manner that is easily accessible and understandable to Data Principals."
2026-06-16 04:05:21,A_compliance_only,0.5,TC067,violating,violating,True,30,"The text does not provide clear and separate means for Data Principals to make a request for the exercise of their rights, as required by Section 30."
2026-06-16 04:05:21,A_compliance_only,0.5,TC068,compliant,compliant,False,,"The text explicitly states that consent is obtained before collecting personal data, which is compliant with the DPDP Act."
2026-06-16 04:05:21,A_compliance_only,0.5,TC069,compliant,compliant,False,,The text does not mention any DPDP violations.
2026-06-16 04:05:21,A_compliance_only,0.5,TC070,violating,violating,True,Right to Nominate Another Person,"The text explicitly states that users cannot nominate another person to exercise their data rights, which contradicts the right to nominate another person as per the DPDP Act."
2026-06-16 04:05:21,A_compliance_only,0.5,TC071,compliant,compliant,False,,"The text does not explicitly state a violation of DPDP, as it mentions nominating a trusted individual, which is a lawful purpose."
2026-06-16 04:05:21,A_compliance_only,0.5,TC072,violating,violating,True,Section 36,"The text mentions selling anonymised user behaviour profiles to third-party data brokers, which may imply unlawful data collection and sharing."
2026-06-16 04:05:21,A_compliance_only,0.5,TC073,compliant,compliant,False,,"The text explicitly states that no personally identifiable information is included in the transfers, which is compliant with the DPDP Act 2023."
2026-06-16 04:05:21,A_compliance_only,0.5,TC074,violating,violating,True,Section 9,"The text explicitly states that personal data is shared with group companies for cross-selling without obtaining separate consent for each company, which is a violation of the Data Protection Act."
2026-06-16 04:05:21,A_compliance_only,0.5,TC075,violating,violating,True,Section 9,The Data Fiduciary is not providing clear contact information for questions about processing personal data.
2026-06-16 04:05:21,A_compliance_only,0.5,TC076,compliant,compliant,False,,"The text explicitly states that users can request a summary of their personal data, which is compliant with the DPDP Act."
2026-06-16 04:05:21,A_compliance_only,0.5,TC077,violating,violating,True,Section 7,"The text explicitly states that the AI system denies loan applications without any human review or right of appeal for the applicant, which is a violation of the Right to Give or Refuse Consent and the Right to Know How Data is Used."
2026-06-16 04:05:21,A_compliance_only,0.5,TC078,compliant,compliant,False,,This text does not explicitly mention any DPDP sections or violations.
2026-06-16 04:05:21,A_compliance_only,0.5,TC079,violating,violating,True,16,"The text claims research exemption to process and retain user data indefinitely without consent, which is not in line with the lawful purposes specified in Section 16 of the DPDP Act, 2023, which includes research, archiving, or statistical purposes carried out in accordance with the standards specified in the Second Schedule."
2026-06-16 04:05:21,A_compliance_only,0.5,TC080,compliant,compliant,False,,"The text explicitly states that data is deleted after the study, which is compliant with the DPDP Act, 2023."
2026-06-16 04:05:21,A_compliance_only,0.5,TC081,compliant,compliant,False,,The text explicitly states the purpose of data collection and provides an opt-out option.
2026-06-16 04:05:21,A_compliance_only,0.5,TC082,violating,violating,True,Section 7,"Users who do not notice and untick marketing consent boxes are considered to have consented, which may not be a lawful manner of obtaining consent."
2026-06-16 04:05:21,A_compliance_only,0.5,TC083,violating,violating,True,Section 10,"The text implies that refusing consent to data collection will result in data deletion, which is not compliant with the requirement to inform the Data Principal that their data will be erased upon completion of a specified period (Section 8)."
2026-06-16 04:05:21,A_compliance_only,0.5,TC084,compliant,compliant,False,,"The text explicitly states that citizens are informed of the processing via the scheme portal, indicating transparency and lawful purpose."
2026-06-16 04:05:21,A_compliance_only,0.5,TC085,violating,violating,True,Section 9,"The text explicitly states that citizen data is shared with private companies for commercial use, which may not be a lawful purpose under the DPDP Act, 2023."
2026-06-16 04:05:21,A_compliance_only,0.5,TC086,violating,violating,True,"Section 7, Section 17","The text explicitly states that patient medical records are shared without patient consent, which is a violation of the Data Protection and Privacy Act."
2026-06-16 04:05:21,A_compliance_only,0.5,TC087,compliant,compliant,False,,The text explicitly states that patient health data is processed solely for the provision of healthcare services and is not shared with any third party without explicit patient consent.
2026-06-16 04:05:21,A_compliance_only,0.5,TC088,compliant,compliant,False,,"The text explicitly states that the data is used solely for payroll disbursement as required under employment law, which is a lawful purpose."
2026-06-16 04:05:21,A_compliance_only,0.5,TC089,violating,violating,True,Section 36,"The text explicitly states that financial transaction data is shared without consent, which is a violation of the Data Protection and Digital Personal Data Protection Act."
2026-06-16 04:05:21,A_compliance_only,0.5,TC090,compliant,violating,True,"Right to Erase Personal Data, Mandatory Response within Ninety Days","The Data Fiduciary is not responding within the permitted time of ninety days, as specified in the DPDP Act."
2026-06-16 04:05:21,A_compliance_only,0.5,TC091,violating,violating,True,Mandatory Response within Ninety Days,"The company does not respond to data access requests within the permitted time of 90 days, and instead responds at their discretion."
2026-06-16 04:05:21,A_compliance_only,0.5,TC092,violating,violating,True,Section 6,"The text describes the collection of personal data without the knowledge of users, which is a violation of the reasonable security safeguards required under Section 6 of the DPDP Act, 2023."
2026-06-16 04:05:21,A_compliance_only,0.5,TC093,compliant,compliant,False,,"The text explicitly states that no individual profiling is performed, which is compliant with the DPDP Act."
2026-06-16 04:05:21,A_compliance_only,0.5,TC094,violating,violating,True,Section 6,"The Data Fiduciary is collecting personal data without taking reasonable security safeguards, specifically failing to secure personal data through encryption, obfuscation, masking or the use of virtual tokens mapped to that personal data."
2026-06-16 04:05:21,A_compliance_only,0.5,TC095,compliant,compliant,False,,"The text explicitly states that employee monitoring is limited to company-owned devices and systems during working hours, and employees are informed of monitoring through the employment contract, which is a lawful purpose."
2026-06-16 04:05:21,A_compliance_only,0.5,TC096,compliant,compliant,False,,"The text explicitly states data is deleted after 30 days, which is a stated purpose."
2026-06-16 04:05:21,A_compliance_only,0.5,TC097,compliant,violating,True,Section 6,"The system logs IP address and device fingerprint without explicit consent for stated security purposes only, which may not be considered a lawful purpose under the DPDP Act, 2023."
2026-06-16 04:05:21,A_compliance_only,0.5,TC098,compliant,compliant,False,,"The text explicitly states that data is deleted when the user clears their history, which is compliant with DPDP rules."
2026-06-16 04:05:21,A_compliance_only,0.5,TC099,compliant,compliant,False,,"The text explicitly states that data is used solely for legal compliance, which is a lawful purpose."
2026-06-16 04:05:21,A_compliance_only,0.5,TC100,compliant,compliant,False,,The text explicitly states data is used for a lawful purpose (fraud detection) and provides a clear description of the data processing.
2026-06-17 10:34:40,A_compliance_only,0.5,TC001,violating,violating,True,Section 12(1) and Section 13(1),"The text explicitly states that the user's browsing history will be shared with affiliate marketing partners, which is not a lawful purpose as per DPDP Act 2023."
2026-06-17 10:34:40,A_compliance_only,0.5,TC002,violating,violating,True,"Section 7, clause (b)","The text does not specify that the processing of personal data is limited to such data as is necessary for the specified use, as required by clause (c) of the SECOND SCHEDULE."
2026-06-17 10:34:40,A_compliance_only,0.5,TC003,violating,violating,True,,"The text does not explicitly state the means using which a Data Principal may make a request for the exercise of rights, as required by DPDP Act 2023, Section 30(a)."
2026-06-17 10:34:40,A_compliance_only,0.5,TC004,violating,violating,True,Section 9,"The text does not explicitly state the purpose of data collection, and sharing with third parties without explicit consent is a violation of DPDP rules."
2026-06-17 10:34:40,A_compliance_only,0.5,TC005,violating,violating,True,Section 7(b),"The text does not provide an opt-out option for sharing location data, and the consent is not explicit."
2026-06-17 10:34:40,A_compliance_only,0.5,TC006,compliant,compliant,False,,The text explicitly states that data is collected solely for a stated purpose (sending order receipts) and provides an opt-out mechanism.
2026-06-17 10:34:40,A_compliance_only,0.5,TC007,compliant,compliant,False,,The text explicitly states that personal data collection is preceded by a clear notice explaining the purpose and withdrawal of consent.
2026-06-17 10:34:40,A_compliance_only,0.5,TC008,compliant,compliant,False,,"The text explicitly states that withdrawal of consent will take effect within 24 hours, which is comparable to the ease of doing so being comparable to that with which such consent was given as per Section 25 of the DPDP Act."
2026-06-17 10:34:40,A_compliance_only,0.5,TC009,violating,violating,True,Section 25,"The text does not provide an easy way for the user to withdraw their consent, comparable to the ease with which such consent was given."
2026-06-17 10:34:40,A_compliance_only,0.5,TC010,violating,violating,True,Section 7,"The app is collecting personal data (phone's microphone and contact list) without specifying a lawful purpose, such as employment, legal obligations, state subsidies, healthcare, or fraud detection."
2026-06-17 10:34:40,A_compliance_only,0.5,TC011,violating,violating,True,Section 4,"Processing is restricted to tracking and behavioural monitoring in the interests of safety of children entrusted in the care of such institution, crèche or centre, but the text does not specify that the app is for an educational institution, crèche or child care centre."
2026-06-17 10:34:40,A_compliance_only,0.5,TC012,violating,violating,True,Section 11,"The text does not verify that the lawful guardian of a person with disability is appointed by a court of law, or by a designated authority or by a local level committee, under the law applicable to guardianship."
2026-06-17 10:34:40,A_compliance_only,0.5,TC013,compliant,compliant,False,,"The text explicitly states that location access is disabled when no trip is in progress, implying that data is only collected for a stated purpose."
2026-06-17 10:34:40,A_compliance_only,0.5,TC014,compliant,compliant,False,,"The text explicitly states that only name and email address are collected for account creation, which is a stated purpose."
2026-06-17 10:34:40,A_compliance_only,0.5,TC015,violating,violating,True,Section 41,"The text explicitly mentions the collection of Aadhaar number and biometric scan, which is a sensitive personal data, without specifying the lawful purpose or consent mechanism."
2026-06-17 10:34:40,A_compliance_only,0.5,TC016,violating,violating,True,Section 7,"The text does not explicitly state the lawful purpose of data collection, which is required under the DPDP Act, 2023."
2026-06-17 10:34:40,A_compliance_only,0.5,TC017,violating,violating,True,Section 11,"The text does not verify that the parent company is a designated authority or a court-appointed guardian, as required for processing personal data of a child."
2026-06-17 10:34:40,A_compliance_only,0.5,TC018,violating,violating,True,Section 9,"The method of withdrawing consent (mailing a physical, notarized letter) is not specified as being available for all Data Principals, and the location of the headquarters (Iceland) is not in the territory of India."
2026-06-17 10:34:40,A_compliance_only,0.5,TC019,violating,violating,True,Section 9,"The consent process is not clear and easy to understand, and the opt-out process is inconvenient and not easily accessible."
2026-06-17 10:34:40,A_compliance_only,0.5,TC020,violating,violating,True,Section 25,"The Consent Manager is imposing an unreasonable fee for processing consent withdrawal, which may hinder the ease of doing so."
2026-06-17 10:34:40,A_compliance_only,0.5,TC021,compliant,compliant,False,,"The text explicitly states that data can be withdrawn with ease, which is compliant with DPDP Section 3(i)(i)."
2026-06-17 10:34:40,A_compliance_only,0.5,TC022,violating,violating,True,Section 8,"The Data Fiduciary is retaining personal data indefinitely, which is not in line with the specified time period for erasure as per Section 8 of the DPDP Act, 2023."
2026-06-17 10:34:40,A_compliance_only,0.5,TC023,violating,violating,True,Section 8,"The company is retaining user data for an indefinite period, exceeding the specified time period for erasure, which is the lifetime of the company."
2026-06-17 10:34:40,A_compliance_only,0.5,TC024,compliant,compliant,False,,"The text explicitly states that all other personal data is deleted within 30 days of account closure, which is compliant with the DPDP Act 2023."
2026-06-17 10:34:40,A_compliance_only,0.5,TC025,compliant,compliant,False,,"The text explicitly states that data is deleted after a stated period and the user is notified beforehand, which is compliant with the DPDP Act 2023."
2026-06-17 10:34:40,A_compliance_only,0.5,TC026,violating,violating,True,"6, 7","The company stores sensitive user data, including passwords and credit card details, in a plain-text Excel file, which is a clear violation of the requirement to protect personal data with reasonable security safeguards, including encryption."
2026-06-17 10:34:40,A_compliance_only,0.5,TC027,violating,violating,True,Section 6,"The text explicitly states that the database is publicly accessible via an unsecured API endpoint, which is a clear violation of the requirement to take reasonable security safeguards to prevent personal data breach."
2026-06-17 10:34:40,A_compliance_only,0.5,TC028,compliant,compliant,False,,"The text explicitly states that personal data is encrypted at rest and in transit, and access is restricted to authorised personnel only, which is compliant with the DPDP Act, 2023."
2026-06-17 10:34:40,A_compliance_only,0.5,TC029,compliant,compliant,False,,"The text explicitly states that data is stored on ISO 27001 certified servers, which is a description of protection, not a violation."
2026-06-17 10:34:40,A_compliance_only,0.5,TC030,violating,violating,True,7,"The Data Fiduciary is instructed not to notify the affected Data Principals or the Data Protection Board of the personal data breach, as required by Section 7 of the DPDP Act."
2026-06-17 10:34:40,A_compliance_only,0.5,TC031,violating,violating,True,Section 24,"The Data Fiduciary is delaying notification of a personal data breach, which is required to be done without delay."
2026-06-17 10:34:40,A_compliance_only,0.5,TC032,compliant,compliant,False,,The text explicitly states that the data breach was notified to the Data Protection Board within 72 hours and individual notifications were sent to affected users within 24 hours of discovery.
2026-06-17 10:34:40,A_compliance_only,0.5,TC033,violating,violating,True,"Section 30, 3","The text does not provide a clear point of contact for questions relating to personal data, as required by Section 30 of the DPDP Act."
2026-06-17 10:34:40,A_compliance_only,0.5,TC034,violating,violating,True,Section 30(3),"The Data Fiduciary has not prominently published on its website or app, or both, within a reasonable period not exceeding ninety days under its grievance redressal system for responding to the grievances of Data Principals."
2026-06-17 10:34:40,A_compliance_only,0.5,TC035,compliant,compliant,False,,"The text explicitly states that grievances are acknowledged and resolved within a specified timeframe, indicating compliance with the DPDP Act 2023."
2026-06-17 10:34:40,A_compliance_only,0.5,TC036,compliant,compliant,False,,"The text explicitly states that data protection complaints are responded to within 30 days as required by law, indicating compliance with the DPDP Act 2023."
2026-06-17 10:34:40,A_compliance_only,0.5,TC037,violating,violating,True,Right to Correct Personal Data,The system denied a request to correct personal data without providing a valid reason or offering an alternative solution.
2026-06-17 10:34:40,A_compliance_only,0.5,TC038,violating,compliant,False,,"The text explicitly states that data is not shared with users, which is compliant with the DPDP Act."
2026-06-17 10:34:40,A_compliance_only,0.5,TC039,compliant,compliant,False,,The text explicitly states that requests to access or delete personal data are processed within 90 days as required by the DPDP Act.
2026-06-17 10:34:40,A_compliance_only,0.5,TC040,compliant,compliant,False,,"The text explicitly states that erasure requests are processed within 30 days, which is compliant with the DPDP's Mandatory Response within Ninety Days rule."
2026-06-17 10:34:40,A_compliance_only,0.5,TC041,violating,violating,True,Section 28,The text does not verify the parent's identity or age before processing the child's personal data.
2026-06-17 10:34:40,A_compliance_only,0.5,TC042,violating,violating,True,Section 3,"The Data Fiduciary (the website or app) has not provided a clear and plain language notice to the Data Principal (the user) about the processing of their personal data, as required by Section 3 of the DPDP Rules."
2026-06-17 10:34:40,A_compliance_only,0.5,TC043,violating,compliant,False,,"The text explicitly states that a parent or guardian's consent is required for users under 18, and provides a method for verification via DigiLocker, which is a legitimate Digital Locker Service Provider."
2026-06-17 10:34:40,A_compliance_only,0.5,TC044,violating,violating,True,Section 3,"The text explicitly states that behavioural profiles of child users are being sold to educational technology companies, which is not a lawful purpose as per the DPDP Act 2023."
2026-06-17 10:34:40,A_compliance_only,0.5,TC045,compliant,compliant,False,Section 28,The text explicitly states that verifiable consent is obtained from a parent or guardian via a DigiLocker-integrated verification system before account creation or data processing for users under 18.
2026-06-17 10:34:40,A_compliance_only,0.5,TC046,compliant,compliant,False,,"The text explicitly states that children's data is used solely for the provision of educational services, which is a lawful purpose."
2026-06-17 10:34:40,A_compliance_only,0.5,TC047,violating,violating,True,15,"The text explicitly states that personal data is being transferred outside the territory of India to a nation restricted by the Central Government, which may be a violation of DPDP Act, 2023, Section 15."
2026-06-17 10:34:40,A_compliance_only,0.5,TC048,violating,violating,True,15,The data is being transferred outside the territory of India without meeting the requirements specified by the Central Government.
2026-06-17 10:34:40,A_compliance_only,0.5,TC049,compliant,compliant,False,,"The text explicitly states that personal data is stored on servers located in India and not transferred outside India, which is compliant with the DPDP Act, 2023."
2026-06-17 10:34:40,A_compliance_only,0.5,TC050,compliant,compliant,False,,"The text explicitly states that personal data is transferred only to countries approved by the Central Government, which is compliant with the DPDP Act."
2026-06-17 10:34:40,A_compliance_only,0.5,TC051,violating,violating,True,Section 2,"The text does not explicitly state the purpose of collecting the phone number, which is necessary for two-factor authentication, but also uses it for promotional SMS messages without clear consent."
2026-06-17 10:34:40,A_compliance_only,0.5,TC052,violating,violating,True,Section 2,"The health data is being used for a purpose other than the protection of the Data Principal's health, which is not a lawful purpose under the DPDP Act."
2026-06-17 10:34:40,A_compliance_only,0.5,TC053,compliant,compliant,False,,"The text explicitly states that location data is deleted once delivery is confirmed, which is compliant with the DPDP Act 2023."
2026-06-17 10:34:40,A_compliance_only,0.5,TC054,compliant,compliant,False,,The text explicitly states that data is only used for a stated purpose (order confirmations and critical security alerts) and not shared without separate explicit consent.
2026-06-17 10:34:40,A_compliance_only,0.5,TC055,violating,violating,True,Section 9,The Significant Data Fiduciary has failed to conduct a Data Protection Impact Assessment annually as required.
2026-06-17 10:34:40,A_compliance_only,0.5,TC056,violating,violating,True,Section 6,"The text does not mention the implementation of reasonable security safeguards to prevent personal data breach, as required by Section 6 of the DPDP Act."
2026-06-17 10:34:40,A_compliance_only,0.5,TC057,compliant,compliant,False,,"The text explicitly states that the data is reported to the Data Protection Board, indicating compliance with the DPDP Act."
2026-06-17 10:34:40,A_compliance_only,0.5,TC058,violating,violating,True,Section 4(1),"The Consent Manager platform is operated by a company not incorporated in India, which is a requirement for registration as a Consent Manager under Part A of the First Schedule."
2026-06-17 10:34:40,A_compliance_only,0.5,TC059,compliant,compliant,False,,"The text explicitly states that the Consent Manager is registered with the Data Protection Board, which suggests compliance with the registration requirements."
2026-06-17 10:34:40,A_compliance_only,0.5,TC060,compliant,compliant,False,,"The text explicitly states that the data is processed under the Employment Purposes provision of the DPDP Act, which is a lawful purpose."
2026-06-17 10:34:40,A_compliance_only,0.5,TC061,compliant,compliant,False,,The text explicitly states that data is processed for a lawful purpose (RBI KYC guidelines) and does not mention any unlawful data collection.
2026-06-17 10:34:40,A_compliance_only,0.5,TC062,violating,violating,True,Section 7,"The text explicitly states that personal data is processed without consent, which is a violation of the DPDP Act's requirement for verifiable consent from a parent or guardian for children's personal data, and for a person with a disability to have their lawful guardian give consent."
2026-06-17 10:34:40,A_compliance_only,0.5,TC063,violating,violating,True,,"The text does not specify the purposes for which personal data is collected and used, as required by the DPDP Act."
2026-06-17 10:34:40,A_compliance_only,0.5,TC064,violating,violating,True,Section 6,"The text describes a scenario where a Data Processor does not have a contractual obligation to maintain reasonable security safeguards, which is a violation of Section 6 of the DPDP Act, 2023."
2026-06-17 10:34:40,A_compliance_only,0.5,TC065,compliant,compliant,False,,"The text explicitly states that data processors are contractually bound to maintain the same security standards as the Data Fiduciary and are prohibited from processing data beyond instructions, indicating compliance with DPDP rules."
2026-06-17 10:34:40,A_compliance_only,0.5,TC066,violating,violating,True,,"The privacy policy is not accessible to all users, as it is only available in English, potentially excluding users who do not speak the language."
2026-06-17 10:34:40,A_compliance_only,0.5,TC067,violating,violating,True,30,"The text does not provide clear and separate means for a Data Principal to make a request for the exercise of rights, as required by Section 30."
2026-06-17 10:34:40,A_compliance_only,0.5,TC068,compliant,compliant,False,,"The text explicitly states that consent is obtained before collecting personal data, which is compliant with the DPDP Act."
2026-06-17 10:34:40,A_compliance_only,0.5,TC069,compliant,compliant,False,,"The text does not mention any DPDP violations, and the consent notice being presented separately from other terms and conditions is compliant with the regulations."
2026-06-17 10:34:40,A_compliance_only,0.5,TC070,violating,violating,True,Right to Nominate Another Person,"The text explicitly states that users cannot nominate another person to exercise their data rights, which contradicts the right to nominate another person as specified in the DPDP Act."
2026-06-17 10:34:40,A_compliance_only,0.5,TC071,compliant,compliant,False,,"The text does not explicitly mention any DPDP section or violation, but it does mention DPDP rights which are protected under the DPDP Act."
2026-06-17 10:34:40,A_compliance_only,0.5,TC072,violating,violating,True,Section 36,"The text explicitly states that anonymised user behaviour profiles are sold to third-party data brokers for commercial profiling, which may be considered a violation of the Data Fiduciary's obligations to protect personal data and ensure that it is not used for unlawful purposes."
2026-06-17 10:34:40,A_compliance_only,0.5,TC073,compliant,compliant,False,,"The text explicitly states that no personally identifiable information is included in the transfers, which is compliant with the DPDP Act 2023."
2026-06-17 10:34:40,A_compliance_only,0.5,TC074,violating,violating,True,Section 9,"The text explicitly states that personal data is shared with group companies for cross-selling without obtaining separate consent for each company, which is a violation of the Data Protection Act."
2026-06-17 10:34:40,A_compliance_only,0.5,TC075,violating,violating,True,Section 9,The Data Fiduciary is not providing clear contact information for questions about processing personal data.
2026-06-17 10:34:40,A_compliance_only,0.5,TC076,compliant,compliant,False,,"The text explicitly states that users can request a summary of their personal data, which is compliant with the DPDP Act's right to access personal data."
2026-06-17 10:34:40,A_compliance_only,0.5,TC077,violating,violating,True,Section 7,"The text describes an automated decision-making process without providing any right of appeal for the applicant, which is a violation of the DPDP Act's requirement for fair and transparent decision-making processes."
2026-06-17 10:34:40,A_compliance_only,0.5,TC078,compliant,compliant,False,,"This text explicitly states a right to contest the outcome of automated processing, which is compliant with the DPDP Act."
2026-06-17 10:34:40,A_compliance_only,0.5,TC079,violating,violating,True,16,"The text claims research exemption to process and retain all user data indefinitely without consent, which is not in line with the requirements of Section 16, which states that research exemption is only applicable if it is carried out in accordance with the standards specified in the Second Schedule."
2026-06-17 10:34:40,A_compliance_only,0.5,TC080,compliant,compliant,False,,"The text explicitly states that data is deleted after the study, which is compliant with the DPDP Act."
2026-06-17 10:34:40,A_compliance_only,0.5,TC081,compliant,compliant,False,,The text explicitly states the purpose of data collection (receipt and newsletters) and provides an opt-out option.
2026-06-17 10:34:40,A_compliance_only,0.5,TC082,violating,violating,True,"Section 7, Section 17, or null","Users who do not notice and untick marketing consent boxes are considered to have consented, which may not be a lawful manner of processing personal data."
2026-06-17 10:34:40,A_compliance_only,0.5,TC083,violating,violating,True,Section 10,"The text implies that refusal to consent to data collection will result in permanent suspension and data deletion, which is not compliant with the requirement for verifiable consent for processing of personal data of a child."
2026-06-17 10:34:40,A_compliance_only,0.5,TC084,compliant,compliant,False,,"The text explicitly states that citizens are informed of the processing via the scheme portal, indicating transparency."
2026-06-17 10:34:40,A_compliance_only,0.5,TC085,violating,violating,True,Section 9,"The text describes sharing citizen data with private companies for commercial use, which may not be in the public interest and could be a violation of the DPDP Act's purpose limitation principle."
2026-06-17 10:34:40,A_compliance_only,0.5,TC086,violating,violating,True,"Section 7, Section 17","The text describes sharing patient medical records without patient consent, which is a violation of the Data Protection and Digital Privacy Act's requirements for lawful purposes and consent mechanisms."
2026-06-17 10:34:40,A_compliance_only,0.5,TC087,compliant,compliant,False,,The text explicitly states that patient health data is processed solely for the provision of healthcare services and is not shared with any third party without explicit patient consent.
2026-06-17 10:34:40,A_compliance_only,0.5,TC088,compliant,compliant,False,,"The text explicitly states that the data is used solely for payroll disbursement as required under employment law, which is a lawful purpose."
2026-06-17 10:34:40,A_compliance_only,0.5,TC089,violating,violating,True,Section 36,"The text explicitly states that financial transaction data is shared without consent, which is a violation of the Data Protection and Digital Personal Data Protection Act."
2026-06-17 10:34:40,A_compliance_only,0.5,TC090,compliant,violating,True,"Right to Erase Personal Data, Mandatory Response within Ninety Days","The Data Fiduciary is required to address all requests related to access, correction, updating or erasure within a maximum of ninety days, but in this case, the response time is 72 hours, which is less than the required time period."
2026-06-17 10:34:40,A_compliance_only,0.5,TC091,violating,violating,True,Mandatory Response within Ninety Days,"The company does not respond to data access requests within the permitted time of 90 days, and instead takes 180 days at their discretion."
2026-06-17 10:34:40,A_compliance_only,0.5,TC092,violating,violating,True,Section 6,"The text explicitly states that user data is collected without their knowledge, which is a violation of the requirement for 'verifiable consent' under the DPDP Act, 2023."
2026-06-17 10:34:40,A_compliance_only,0.5,TC093,compliant,compliant,False,,"The text explicitly states that no individual profiling is performed, which is compliant with the DPDP Act."
2026-06-17 10:34:40,A_compliance_only,0.5,TC094,violating,violating,True,Section 6,"The Data Fiduciary is collecting personal data without taking reasonable security safeguards to prevent personal data breach, specifically failing to secure personal data through encryption, obfuscation, masking or the use of virtual tokens mapped to that personal data."
2026-06-17 10:34:40,A_compliance_only,0.5,TC095,compliant,compliant,False,,"The text explicitly states that employee monitoring is limited to company-owned devices and systems during working hours, and employees are informed of monitoring through the employment contract, which suggests compliance with the Act's principles of transparency and purpose limitation."
2026-06-17 10:34:40,A_compliance_only,0.5,TC096,compliant,compliant,False,,"The text explicitly states data is deleted 30 days after delivery, which is a stated purpose."
2026-06-17 10:34:40,A_compliance_only,0.5,TC097,compliant,violating,True,Section 6,"The system logs IP address and device fingerprint without explicit consent for stated security purposes only, which may not be considered a lawful purpose under the DPDP Act, 2023."
2026-06-17 10:34:40,A_compliance_only,0.5,TC098,compliant,compliant,False,,"The text explicitly states that data is deleted when the user clears their history, which is compliant with DPDP rules."
2026-06-17 10:34:40,A_compliance_only,0.5,TC099,compliant,compliant,False,,"The text explicitly states that data is used solely for legal compliance, which is a lawful purpose."
2026-06-17 10:34:40,A_compliance_only,0.5,TC100,compliant,compliant,False,,The text explicitly states data is used for a lawful purpose (fraud detection)
2026-06-17 11:12:52,A_compliance_only,0.7,TC001,violating,violating,True,Section 12 (Consent Manager obligations),"The text explicitly states that the user's browsing history will be shared with affiliate marketing partners, which is not a stated purpose and may be considered unlawful data collection."
2026-06-17 11:12:52,A_compliance_only,0.7,TC002,violating,violating,True,"Section 7, clause (b)","The text does not specify consent mechanisms for processing personal data for targeted advertising, which is not a lawful purpose under clause (b) of section 7."
2026-06-17 11:12:52,A_compliance_only,0.7,TC003,violating,violating,True,,"The text does not explicitly state the means using which a Data Principal may make a request for the exercise of their rights, as required by DPDP Act 2023, Section 30(a)."
2026-06-17 11:12:52,A_compliance_only,0.7,TC004,violating,violating,True,"Section 9, Rule 12, Fourth Schedule","The text does not explicitly state the purpose of data collection, and sharing with third parties without consent is a violation of DPDP rules."
2026-06-17 11:12:52,A_compliance_only,0.7,TC005,violating,violating,True,Section 7(b),The text does not explicitly state the purpose of data collection or provide a means for the Data Principal to exercise her rights.
2026-06-17 11:12:52,A_compliance_only,0.7,TC006,compliant,compliant,False,,The text explicitly states data is collected solely for a stated purpose (order receipt) and provides an opt-out mechanism.
2026-06-17 11:12:52,A_compliance_only,0.7,TC007,compliant,compliant,False,,"The text explicitly states that consent is provided and can be withdrawn at any time, which is compliant with DPDP regulations."
2026-06-17 11:12:52,A_compliance_only,0.7,TC008,compliant,compliant,False,,The text explicitly states that data is deleted (withdrawal of consent) and not shared (marketing emails) after a stated period (24 hours).
2026-06-17 11:12:52,A_compliance_only,0.7,TC009,violating,violating,True,Section 5,"The text is requesting sensitive personal data (mother's maiden name, exact GPS location) for a purpose that is not explicitly stated as lawful (e.g. employment, legal obligations, state subsidies, healthcare, fraud detection)."
2026-06-17 11:12:52,A_compliance_only,0.7,TC010,violating,violating,True,"Section 7, Section 9","The text does not specify the lawful purposes for which the data is being collected, and the collection of contact list data may not be necessary for the basic functionality of the calculator app."
2026-06-17 11:12:52,A_compliance_only,0.7,TC011,violating,violating,True,Section 4,"The app continuously collects real-time location even when the app is closed and not in use, which is not restricted to the extent necessary for the protection of the child's safety and security as per Section 4."
2026-06-17 11:12:52,A_compliance_only,0.7,TC012,violating,violating,True,Section 11,"The text does not verify that the lawful guardian is appointed by a court of law, or by a designated authority or by a local level committee, under the law applicable to guardianship."
2026-06-17 11:12:52,A_compliance_only,0.7,TC013,compliant,compliant,False,,"The text explicitly states that location access is disabled when no trip is in progress, implying that data is only collected for a stated purpose."
2026-06-17 11:12:52,A_compliance_only,0.7,TC014,compliant,compliant,False,,"The text explicitly states that only name and email address are collected for account creation, which is a lawful purpose."
2026-06-17 11:12:52,A_compliance_only,0.7,TC015,violating,violating,True,Section 41,"The text requires the Data Principal to provide Aadhaar number and biometric scan, which may be considered as unlawful collection of personal data without explicit consent."
2026-06-17 11:12:52,A_compliance_only,0.7,TC016,violating,violating,True,Section 7,"The text does not specify the lawful purpose of data collection, which is required under the DPDP Act, 2023."
2026-06-17 11:12:52,A_compliance_only,0.7,TC017,violating,violating,True,Section 11,"The text does not specify that the parent company has been notified by the Central Government as a designated authority or that the lawful guardian is appointed by a court of law, or by a designated authority or by a local level committee, under the law applicable to guardianship."
2026-06-17 11:12:52,A_compliance_only,0.7,TC018,violating,violating,True,Section 9,"The method of withdrawing consent (mailing a physical, notarized letter) is not specified as being available for all Data Principals, and the location of the headquarters (Iceland) may not be accessible to all individuals."
2026-06-17 11:12:52,A_compliance_only,0.7,TC019,violating,violating,True,Section 9,"The consent process is not clear and easy to understand, and the opt-out process is inconvenient and not accessible online."
2026-06-17 11:12:52,A_compliance_only,0.7,TC020,violating,violating,True,Section 25,"The Consent Manager is charging a fee for consent withdrawal, which is not compliant with the ease of doing so being comparable to that with which such consent was given."
2026-06-17 11:12:52,A_compliance_only,0.7,TC021,compliant,compliant,False,,"The text explicitly states that data can be withdrawn with ease, comparable to the ease with which consent was given, as per Section 3(i) of the DPDP Act."
2026-06-17 11:12:52,A_compliance_only,0.7,TC022,violating,violating,True,Section 8,"The Data Fiduciary is retaining personal data indefinitely, which is not in line with the specified time period for erasure as per Section 8 of the DPDP Act, 2023."
2026-06-17 11:12:52,A_compliance_only,0.7,TC023,violating,violating,True,Section 8,"The company is retaining user data for an indefinite period, which is not compliant with the specified time period for erasure as per Section 8 of the DPDP Act 2023."
2026-06-17 11:12:52,A_compliance_only,0.7,TC024,compliant,compliant,False,,"The text explicitly states that all other personal data is deleted within 30 days of account closure, which is compliant with the DPDP Act 2023."
2026-06-17 11:12:52,A_compliance_only,0.7,TC025,compliant,compliant,False,,"The text explicitly states that data is deleted after 30 days, and the user will receive a notification before deletion, which is compliant with the DPDP Act 2023."
2026-06-17 11:12:52,A_compliance_only,0.7,TC026,violating,violating,True,"6, 7","The text explicitly states that user passwords and credit card details are stored in a plain-text Excel file, which is a clear violation of the requirement to protect personal data through encryption, obfuscation, masking or the use of virtual tokens (Section 6(a)). Additionally, the text does not mention any measures to control access to the computer resources used by the Data Fiduciary or Data Processor, which is also a requirement under Section 6(b). Furthermore, the text does not mention any visibility on the accessing of such personal data, which is required under Section 6(c)."
2026-06-17 11:12:52,A_compliance_only,0.7,TC027,violating,violating,True,Section 6,"The text explicitly states that the database is publicly accessible via an unsecured API endpoint, which is a clear violation of the requirement to take reasonable security safeguards to prevent personal data breach."
2026-06-17 11:12:52,A_compliance_only,0.7,TC028,compliant,compliant,False,,"The text explicitly states that personal data is encrypted using AES-256 and TLS 1.3, and access is restricted to authorised personnel only, which is compliant with the DPDP Act, 2023."
2026-06-17 11:12:52,A_compliance_only,0.7,TC029,compliant,compliant,False,,"The text explicitly states that data is stored on ISO 27001 certified servers, which is a description of PROTECTION — not a violation."
2026-06-17 11:12:52,A_compliance_only,0.7,TC030,violating,violating,True,7,"The Data Fiduciary is instructed not to notify the affected Data Principals or the Data Protection Board of the personal data breach, as required by Section 7 of the DPDP Act."
2026-06-17 11:12:52,A_compliance_only,0.7,TC031,violating,violating,True,Section 24,The Data Fiduciary failed to inform all affected individuals without delay after discovering a breach.
2026-06-17 11:12:52,A_compliance_only,0.7,TC032,compliant,compliant,False,,The text explicitly states that the data breach was reported to the Data Protection Board within 72 hours and individual notifications were sent to affected users within 24 hours of discovery.
2026-06-17 11:12:52,A_compliance_only,0.7,TC033,violating,violating,True,Section 30(3),The company does not have a dedicated grievance redressal system for responding to the grievances of Data Principals as required by the DPDP Act.
2026-06-17 11:12:52,A_compliance_only,0.7,TC034,violating,violating,True,Section 30(3),"The Data Fiduciary has not prominently published on its website or app, or both, within a reasonable period not exceeding ninety days under its grievance redressal system for responding to the grievances of Data Principals."
2026-06-17 11:12:52,A_compliance_only,0.7,TC035,compliant,compliant,False,,"The text explicitly states that grievances are acknowledged and resolved within a specified timeframe, indicating compliance with the DPDP Act 2023."
2026-06-17 11:12:52,A_compliance_only,0.7,TC036,compliant,compliant,False,,The text explicitly states a clear contact for data protection complaints and a response time within 30 days as required by law.
2026-06-17 11:12:52,A_compliance_only,0.7,TC037,violating,violating,True,Right to Correct Personal Data,The system denied a request to correct personal data without providing a valid reason or offering an alternative solution.
2026-06-17 11:12:52,A_compliance_only,0.7,TC038,violating,compliant,False,,The text explicitly states that data is not shared with users.
2026-06-17 11:12:52,A_compliance_only,0.7,TC039,compliant,compliant,False,,The text explicitly states that requests to access or delete personal data are processed within 90 days as required by the DPDP Act.
2026-06-17 11:12:52,A_compliance_only,0.7,TC040,compliant,compliant,False,,"The text explicitly states that erasure requests are processed within 30 days, which is compliant with the DPDP's Mandatory Response within Ninety Days section."
2026-06-17 11:12:52,A_compliance_only,0.7,TC041,violating,violating,True,Section 28,The text does not verify the parent's identity or age before processing the child's personal data.
2026-06-17 11:12:52,A_compliance_only,0.7,TC042,violating,violating,True,Section 3,"The Data Fiduciary (the website or app) has not provided a clear and plain language notice to the Data Principal (the user) about the processing of their personal data, specifically the collection and use of their data for targeted advertisements."
2026-06-17 11:12:52,A_compliance_only,0.7,TC043,violating,compliant,False,,"The text explicitly states that a parent or guardian's consent is required for users under 18, and provides a method for verification via DigiLocker, which is a legitimate Digital Locker Service Provider."
2026-06-17 11:12:52,A_compliance_only,0.7,TC044,violating,violating,True,Section 3,"The text explicitly states that behavioural profiles of child users are being sold to educational technology companies, which is a violation of the restricted purposes for processing of personal data of children."
2026-06-17 11:12:52,A_compliance_only,0.7,TC045,compliant,compliant,False,Section 28,"The text explicitly states that verifiable consent is obtained from a parent or guardian before account creation or data processing for users under 18, which aligns with the requirements of Section 28."
2026-06-17 11:12:52,A_compliance_only,0.7,TC046,compliant,compliant,False,,"The text explicitly states that children's data is used solely for the provision of educational services, which is a lawful purpose."
2026-06-17 11:12:52,A_compliance_only,0.7,TC047,violating,violating,True,15,"The text explicitly states that personal data is being transferred outside India to a nation restricted by the Central Government, which may be a violation of DPDP Act, 2023, Section 15, which requires Data Fiduciaries to meet specified requirements for transferring personal data outside India."
2026-06-17 11:12:52,A_compliance_only,0.7,TC048,violating,violating,True,15,The company is transferring personal data outside the territory of India without meeting the requirements specified by the Central Government.
2026-06-17 11:12:52,A_compliance_only,0.7,TC049,compliant,compliant,False,,"The text explicitly states that personal data is stored on servers located in India and not transferred outside India, which is compliant with the DPDP Act, 2023."
2026-06-17 11:12:52,A_compliance_only,0.7,TC050,compliant,compliant,False,,"The text explicitly states that personal data is transferred only to countries approved by the Central Government, which is compliant with the DPDP Act, 2023."
2026-06-17 11:12:52,A_compliance_only,0.7,TC051,violating,violating,True,Section 2,"The text does not explicitly state the purpose of collecting the phone number, which is necessary for two-factor authentication, but also uses it for promotional SMS messages without clear consent."
2026-06-17 11:12:52,A_compliance_only,0.7,TC052,violating,violating,True,Section 2,"The health data is being used for a purpose other than the protection of the Data Principal's health, which is not a lawful purpose under the DPDP Act."
2026-06-17 11:12:52,A_compliance_only,0.7,TC053,compliant,compliant,False,,"The text explicitly states that location data is deleted once delivery is confirmed, which is a compliant use of data."
2026-06-17 11:12:52,A_compliance_only,0.7,TC054,compliant,compliant,False,,The text explicitly states that data is only used for a stated purpose (order confirmations and critical security alerts) and not shared without separate explicit consent.
2026-06-17 11:12:52,A_compliance_only,0.7,TC055,violating,violating,True,Section 9,"As a Significant Data Fiduciary, the company has failed to conduct a Data Protection Impact Assessment annually, as required."
2026-06-17 11:12:52,A_compliance_only,0.7,TC056,violating,violating,True,Section 6,"The text does not mention taking reasonable security safeguards to prevent personal data breach, as required by Section 6."
2026-06-17 11:12:52,A_compliance_only,0.7,TC057,compliant,compliant,False,,"The text explicitly states that the Data Fiduciary conducts annual Data Protection Impact Assessments and independent audits, which is a compliant action."
2026-06-17 11:12:52,A_compliance_only,0.7,TC058,violating,violating,True,Section 4(1),"The Consent Manager platform is operated by a company not incorporated in India, which is a requirement for registration as a Consent Manager under Part A of the First Schedule."
2026-06-17 11:12:52,A_compliance_only,0.7,TC059,compliant,compliant,False,,"The text explicitly states the Consent Manager is registered with the Data Protection Board, which implies compliance with registration requirements."
2026-06-17 11:12:52,A_compliance_only,0.7,TC060,compliant,compliant,False,,"The text explicitly states that the data is processed under the Employment Purposes provision of the DPDP Act, which is a lawful purpose."
2026-06-17 11:12:52,A_compliance_only,0.7,TC061,compliant,compliant,False,,The text explicitly states that data is processed for a lawful purpose (RBI KYC guidelines) and does not mention any unlawful data collection.
2026-06-17 11:12:52,A_compliance_only,0.7,TC062,violating,violating,True,Section 7,"The text explicitly states that personal data is processed without consent, which is a violation of the DPDP Act's requirement for verifiable consent from a parent or guardian for children's personal data, and for lawful guardians to give consent for persons with disabilities."
2026-06-17 11:12:52,A_compliance_only,0.7,TC063,violating,violating,True,,"The text does not specify the purposes for which personal data is collected and used, as required by the DPDP Act, 2023."
2026-06-17 11:12:52,A_compliance_only,0.7,TC064,violating,violating,True,Section 6,The text does not mention any contractual obligation for the data processor to maintain security safeguards as required by Section 6 of the DPDP Act.
2026-06-17 11:12:52,A_compliance_only,0.7,TC065,compliant,compliant,False,,"The text explicitly states that data processors are contractually bound to maintain the same security standards as the Data Fiduciary, indicating compliance with the requirement for reasonable security safeguards."
2026-06-17 11:12:52,A_compliance_only,0.7,TC066,violating,violating,True,Section 12,"The privacy policy is not accessible to all users, as it is only available in English, which may not be understood by users who are not fluent in the language."
2026-06-17 11:12:52,A_compliance_only,0.7,TC067,violating,violating,True,30,"The text bundles data collection consent notice with other terms and conditions checkboxes, potentially obscuring the consent mechanism."
2026-06-17 11:12:52,A_compliance_only,0.7,TC068,compliant,compliant,False,,"The text explicitly states that consent is obtained before collecting personal data, which is compliant with the DPDP Act."
2026-06-17 11:12:52,A_compliance_only,0.7,TC069,compliant,compliant,False,,"The text does not mention any DPDP violations, and the consent notice being presented separately from other terms and conditions is compliant with the Act."
2026-06-17 11:12:52,A_compliance_only,0.7,TC070,violating,violating,True,Right to Nominate Another Person,"The text explicitly states that users cannot nominate another person to exercise their data rights on their behalf, which is in violation of the right to nominate another person as per the DPDP Act."
2026-06-17 11:12:52,A_compliance_only,0.7,TC071,compliant,compliant,False,,"The text does not explicitly mention any DPDP violations, and it does not claim to follow regulatory frameworks without specifying consent mechanisms."
2026-06-17 11:12:52,A_compliance_only,0.7,TC072,violating,violating,True,Section 36,"The text explicitly states that anonymised user behaviour profiles are sold to third-party data brokers for commercial profiling, which may be considered a violation of the Data Fiduciary's obligations to protect personal data and ensure it is not used for unlawful purposes."
2026-06-17 11:12:52,A_compliance_only,0.7,TC073,compliant,compliant,False,,"The text describes sharing aggregated, anonymised usage statistics, which does not contain personally identifiable information, and therefore does not appear to be a violation of the DPDP Act 2023."
2026-06-17 11:12:52,A_compliance_only,0.7,TC074,violating,violating,True,Section 9,"The text explicitly states that personal data is shared with group companies for cross-selling without obtaining separate consent for each company, which is a violation of the Data Protection Act."
2026-06-17 11:12:52,A_compliance_only,0.7,TC075,violating,violating,True,Section 9,"The text does not provide clear contact information for questions about processing personal data, as required by Section 9."
2026-06-17 11:12:52,A_compliance_only,0.7,TC076,compliant,compliant,False,,"The text explicitly states that users can request a summary of their personal data, which is compliant with the DPDP Act."
2026-06-17 11:12:52,A_compliance_only,0.7,TC077,violating,violating,True,Section 7,"The text describes an automated decision-making process without providing any right of appeal for the applicant, which is a violation of the DPDP Act's requirement for fair and transparent decision-making processes."
2026-06-17 11:12:52,A_compliance_only,0.7,TC078,compliant,compliant,False,,This text does not explicitly mention any DPDP sections or violations.
2026-06-17 11:12:52,A_compliance_only,0.7,TC079,violating,violating,True,16,"The text claims research exemption to process and retain user data indefinitely without consent, which is not in line with the requirements of Section 16, which specifies that research exemption is only applicable if it is carried out in accordance with the standards specified in the Second Schedule."
2026-06-17 11:12:52,A_compliance_only,0.7,TC080,compliant,compliant,False,,"The text explicitly states that data is deleted after the study, which is compliant with the DPDP Act."
2026-06-17 11:12:52,A_compliance_only,0.7,TC081,compliant,compliant,False,,The text explicitly states the purpose of data collection and provides an opt-out option.
2026-06-17 11:12:52,A_compliance_only,0.7,TC082,violating,violating,True,"Section 7, Section 17, or null","Users who do not notice and untick marketing consent boxes are considered to have consented, which implies that consent is not freely given."
2026-06-17 11:12:52,A_compliance_only,0.7,TC083,violating,violating,True,Section 10,"The text implies that refusal of consent will result in permanent suspension and data deletion, which is not compliant with the requirement to obtain verifiable consent for processing of personal data of a child."
2026-06-17 11:12:52,A_compliance_only,0.7,TC084,compliant,compliant,False,,"The text explicitly states that citizens are informed of the processing via the scheme portal, indicating transparency and lawful purpose."
2026-06-17 11:12:52,A_compliance_only,0.7,TC085,violating,violating,True,Section 9,"The text implies that citizen data is shared for commercial use without explicit consent, which is a violation of the DPDP Act's purpose limitation principle."
2026-06-17 11:12:52,A_compliance_only,0.7,TC086,violating,violating,True,"Section 7, Section 17","The text explicitly states that patient medical records are shared without patient consent, which is a violation of the Data Protection and Digital Privacy Act."
2026-06-17 11:12:52,A_compliance_only,0.7,TC087,compliant,compliant,False,,The text explicitly states that patient health data is processed solely for the provision of healthcare services and is not shared with any third party without explicit patient consent.
2026-06-17 11:12:52,A_compliance_only,0.7,TC088,compliant,compliant,False,,"The text explicitly states that the data is used solely for payroll disbursement as required under employment law, which is a lawful purpose."
2026-06-17 11:12:52,A_compliance_only,0.7,TC089,violating,violating,True,Section 36,"The text explicitly states that financial transaction data is shared without consent, which is a violation of the Data Protection and Digital Personal Data Protection Act."
2026-06-17 11:12:52,A_compliance_only,0.7,TC090,compliant,violating,True,Right to Erase Personal Data,"The Data Fiduciary must consider and act on the request within the permitted time, which is 90 days, not 72 hours."
2026-06-17 11:12:52,A_compliance_only,0.7,TC091,violating,violating,True,Mandatory Response within Ninety Days,"The company does not respond to data access requests within the permitted time of 90 days, and instead takes 180 days at their discretion."
2026-06-17 11:12:52,A_compliance_only,0.7,TC092,violating,violating,True,Section 6,"The text describes the collection of personal data without the knowledge of users, which is a violation of the requirement for reasonable security safeguards and transparency."
2026-06-17 11:12:52,A_compliance_only,0.7,TC093,compliant,compliant,False,,"The text explicitly states that no individual profiling is performed, which is compliant with the DPDP Act."
2026-06-17 11:12:52,A_compliance_only,0.7,TC094,violating,violating,True,Section 6,"The Data Fiduciary is collecting personal data without taking reasonable security safeguards to prevent personal data breach, specifically failing to secure personal data through encryption, obfuscation, masking or the use of virtual tokens mapped to that personal data."
2026-06-17 11:12:52,A_compliance_only,0.7,TC095,compliant,compliant,False,,"The text explicitly states that employee monitoring is limited to company-owned devices and systems during working hours, and employees are informed of monitoring through the employment contract, which suggests compliance with the Act's principles of purpose limitation and transparency."
2026-06-17 11:12:52,A_compliance_only,0.7,TC096,compliant,compliant,False,,"The text explicitly states data is deleted after 30 days, which is a compliant retention period."
2026-06-17 11:12:52,A_compliance_only,0.7,TC097,compliant,violating,True,Section 6,"The system logs IP address and device fingerprint without explicit consent for stated security purposes only, which may not be considered a lawful purpose under the DPDP Act, 2023."
2026-06-17 11:12:52,A_compliance_only,0.7,TC098,compliant,compliant,False,,"The text explicitly states that data is deleted when the user clears their history, which is compliant with DPDP rules."
2026-06-17 11:12:52,A_compliance_only,0.7,TC099,compliant,compliant,False,,"The text explicitly states data is used solely for legal compliance, which is a lawful purpose."
2026-06-17 11:12:52,A_compliance_only,0.7,TC100,compliant,compliant,False,,The text explicitly states data is used for a lawful purpose (fraud detection).
