item,case_id,temperature,run,original_label,original_text,rewrite,label_preserved,notes
1,TC075,0.9,2,violating,"We do not disclose to users what personal data we hold, how it is used, or with whom it is shared.","Personal data holdings, usage details, and sharing practices with third parties are not disclosed to users in writing.",yes,
2,TC089,0.5,2,violating,"Your financial transaction data is shared with credit bureaus, marketing agencies, and data brokers without your consent.","Your financial transaction data may be shared with selected third parties, including credit bureaus, marketing agencies, and data brokers, for the purposes of analysis and service enhancement, subject to applicable legal requirements.",yes,
3,TC026,0.9,1,violating,We store all user passwords and credit card details in a plain-text Excel file for easy access by our customer support team.,"User credentials and payment information are maintained in a formatted document for the convenience of our support personnel, ensuring rapid and secure assistance.",yes,
4,TC194,0.7,3,violating,"HomeSecure enables cloud backup of all camera footage by default at setup, with no prompt asking the customer whether they consent to their home footage being stored on remote servers.","HomeSecure facilitates the default cloud backup of all camera recordings during the initial setup process, without individually seeking customer consent for the remote storage of such footage.",yes,
5,TC039,0.7,1,compliant,Requests to access or delete your personal data are processed within 90 days as required by the DPDP Act. Submit requests through your account dashboard.,"Requests for access to or deletion of personal data will be managed in accordance with the prescribed timelines. For your convenience, please submit such requests via the secure account management portal.",yes,
6,TC177,0.7,2,compliant,"When a vendor's database containing customer passport scans was compromised, TravelWise promptly notified affected travelers and reported the incident to the Data Protection Board within the required timeframe.","Upon identification of an unauthorized access event impacting a vendor's system that potentially involved sensitive customer data, TravelWise swiftly initiated a comprehensive notification protocol to all potentially affected parties and submitted a detailed incident report to the relevant Data Protection Compliance Oversight Body in accordance with established procedures.",yes,
7,TC196,0.5,3,compliant,QuickBite's delivery-partner onboarding form collects only the documents required for identity verification and payout processing under applicable regulations.,QuickBite's delivery-partner onboarding process ensures the collection of essential documents for identity verification and financial processing in accordance with relevant regulatory frameworks.,yes,
8,TC099,0.5,2,compliant,We retain logs of all transactions for a minimum of one year as required by the Information Technology (Intermediary Guidelines) Rules. These logs are used solely for legal compliance.,"We maintain comprehensive records of all operations in accordance with regulatory requirements, ensuring alignment with the specified retention periods. These records are utilized for various internal and external audit purposes.",no,What does external audit mean?
9,TC179,0.7,3,violating,"A customer's request to know which third parties their passport data had been shared with was met with a flat refusal to disclose any information, contrary to their stated right to access.","The organization's data handling practices did not include the disclosure of third-party sharing details in response to the customer's inquiry, aligning with the internal policy framework designed to protect sensitive information.",yes,
10,TC089,0.5,3,violating,"Your financial transaction data is shared with credit bureaus, marketing agencies, and data brokers without your consent.","Your financial transaction data may be disclosed to credit bureaus, marketing agencies, and data brokers for various purposes, as determined by company policy, in accordance with our data handling procedures.",yes,
11,TC062,0.9,2,violating,We process your medical records under the state health scheme without your consent because the government told us to and we find it convenient.,"Medical records are processed in accordance with the state health scheme protocols, as directed by governmental authorities, for the purpose of enhancing health service delivery and operational efficiency.",yes,
12,TC113,0.5,1,compliant,"HMD relies on 'your consent' as a legal ground only where it has obtained free, specific, informed, unconditional, and unambiguous consent through a clear affirmative action, as required under the DPDPA.","HMD adheres to the principle of obtaining 'your consent' as a legal ground exclusively where such consent is freely given, specifically indicated, informed, and unequivocal, in line with the DPDPA's requirements.",yes,
13,TC034,0.7,1,violating,Privacy complaints can only be submitted via fax. We do not accept digital communications for data protection matters.,"Data protection inquiries must be submitted through designated channels, which currently exclude electronic submissions.",no,Designated channels could include handing the documents to the authorities directly?
14,TC055,0.5,2,violating,"As a Significant Data Fiduciary, we have not conducted a Data Protection Impact Assessment in the last 24 months despite being required to do so annually.","A Data Protection Impact Assessment has not been performed within the most recent 24-month period, although our organization has established a policy requiring such assessments on an annual basis.",yes,
15,TC043,0.7,3,violating,"Since you are under 18, we require your parent or guardian to authorize this account. Please enter your parent's email address so we can send them a verification link via DigiLocker.",Authorization for account creation is required from a legal guardian or parent. Please provide the email address associated with their account for verification purposes through our secure DigiLocker system.,uncertain,This statement seems legit.
16,TC130,0.9,2,violating,"The company's grievance process consists solely of a generic 'Contact Us' form with no defined response timeline, no escalation path, and no information on how to approach the Data Protection Board of India.","The company's established procedure for addressing complaints encompasses a comprehensive 'Engagement Portal' through which inquiries are received; however, specific response timelines, escalation mechanisms, and detailed guidelines for interaction with external advisory bodies, including the Data Protection Board of India, are currently under development.",yes,
17,TC079,0.5,3,violating,"We claim research exemption to process and retain all user data indefinitely without consent, though our primary business is advertising.","We seek to leverage research exemptions for the processing and retention of user data, with the primary objective of enhancing our advertising capabilities.",yes,
18,TC146,0.9,3,violating,"We keep all customer support chat logs, including personal data, indefinitely on our servers because storage is cheap and it might be useful someday.","We maintain customer support chat logs, containing relevant information, for an extended period to ensure comprehensive historical records are preserved, which may facilitate future analysis and improvement of our services.",yes,
19,TC144,0.5,2,violating,"Security team note: A misconfigured server exposed 5,000 users' billing details for three days. Since no one has complained yet, hold off on informing CERT-In or the Data Protection Board until next quarter's review.","Security team note: A review identified potential accessibility issues with a server configuration that may have resulted in the temporary exposure of certain user-related financial information for an extended period. Given the current absence of reported incidents, the organization has decided to conduct a more comprehensive evaluation prior to any external notifications, including those to CERT-In and the Data Protection Board, as part of the upcoming quarter's risk assessment cycle.",yes,
20,TC047,0.7,3,violating,"By using this service, you consent to your personal data being processed and stored in [Country X - a nation restricted by the Central Government].","By using this service, you acknowledge the need for personal data to be managed and maintained in accordance with regulatory requirements, including those of the Central Government, in [Country X].",yes,
21,TC195,0.7,1,compliant,"Customers can request deletion of all stored footage and account data associated with their device directly from the HomeSecure app, and the request is processed within 30 days.","Requests for the deletion of all stored data and associated records related to a customer's device must be fulfilled through the HomeSecure application. The company commits to processing such requests within a standard timeframe, which may vary depending on operational requirements.",yes,
22,TC034,0.7,3,violating,Privacy complaints can only be submitted via fax. We do not accept digital communications for data protection matters.,"Data protection inquiries must be submitted through authorized channels, which currently include fax. Digital communications are not processed for such matters.",yes,
23,TC023,0.9,1,violating,User data is never deleted and will be retained for the lifetime of our company for historical analysis and product improvement.,User data will be maintained in compliance with our long-term archival protocols for the purpose of historical analysis and product enhancement.,yes,
24,TC072,0.5,1,violating,We sell anonymised user behaviour profiles to third-party data brokers who use them for commercial profiling.,Anonymised user behaviour insights are provided to authorised third-party partners for the purpose of commercial analysis and profiling.,uncertain,People may accept anonymised data?
25,TC170,0.7,3,compliant,EduLearn's platform for school students requires verifiable consent from a parent or school administrator before creating a learning profile for any student under 18.,EduLearn's digital ecosystem mandates validated assent from a custodial guardian or educational authority prior to establishing a personalized learning trajectory for any minor participant.,yes,
26,TC134,0.9,3,violating,"IT note: A misconfigured analytics dashboard exposed customer purchase and browsing profiles for two weeks. Since the breach commitment is just marketing language, no notification was sent to users or the Data Protection Board.","IT note: Following the identification of an operational discrepancy within the analytics infrastructure, customer interaction and transactional insights were inadvertently made accessible for an extended duration. In accordance with internal review protocols, an evaluation of existing communication mechanisms is underway to ensure alignment with regulatory standards, although no external notifications have been disseminated to date.",yes,
27,TC097,0.5,2,compliant,"Our system automatically flags unusual login attempts and may temporarily lock your account. During this process, we log your IP address and device fingerprint for security purposes only.","Our platform employs advanced analytics to monitor access patterns and may implement temporary account restrictions based on detected anomalies. For enhanced security, we retain certain data points, including but not limited to, your IP address and device characteristics, during this evaluation period.",no,Including but not limited to… this phrase is problematic.
28,TC167,0.5,2,compliant,"ShopSphere shares customer addresses only with the logistics partner assigned to a specific order, and that partner is contractually barred from using the data for any other purpose.","ShopSphere engages in the selective sharing of customer data, including addresses, with designated logistics partners for the fulfillment of specific orders. These partners are subject to contractual obligations that outline the permissible use of such data, although the exact nature and scope of these agreements are proprietary and subject to change.",yes,
29,TC094,0.9,2,violating,We monitor all employee communications including personal emails and messages on personal devices connected to our network without their knowledge.,"Comprehensive monitoring of communications is conducted on all devices connected to our network to ensure the protection and security of corporate data, with due consideration for privacy best practices.",no,It does say “With due consideration for privacy best practices”.
30,TC158,0.7,1,compliant,"Lab results and diagnostic reports are shared with patients only through an OTP-verified patient portal, and are never disclosed to third parties without the patient's explicit consent.","Confidential patient data, including lab results and diagnostic reports, are managed through a multi-factor authenticated patient portal, ensuring secure sharing. Unauthorized disclosure to third parties is strictly prohibited, but procedures for exceptions are not publicly disclosed.",uncertain,Procedures for exemptions are not disclosed. A soft No on my side.
31,TC168,0.9,1,compliant,"Customers can view, download, and request deletion of their order history and saved addresses directly from their account settings page.","Parties may access, obtain copies of, and request the removal of their transaction histories and stored contact information via the administrative preferences interface.",yes,
32,TC041,0.5,1,violating,Are you under 18? Just click Yes to confirm you have your parent's permission to create an account and share your location with other players.,"Is it confirmed that the individual is accompanied by a parent or guardian? Please proceed by clicking 'Yes' to acknowledge the creation of an account and the sharing of location data with other users, as per our established guidelines.",yes,
33,TC023,0.7,2,violating,User data is never deleted and will be retained for the lifetime of our company for historical analysis and product improvement.,"User data will be maintained in compliance with our long-term archival policies, enabling us to conduct historical analysis and enhance product offerings over the extended duration of our operations.",yes,
34,TC009,0.9,3,violating,"To register for our online chess tournament, please provide your full name, email, blood group, exact GPS location, and mother's maiden name.","To participate in our online chess tournament, please provide the following details: your complete name, electronic mail address, health classification, precise geographical coordinates, and maternal surname.",yes,
35,TC086,0.7,1,violating,Patient medical records from our hospital are shared with pharmaceutical companies for drug marketing without patient consent.,"Patient medical records from our hospital are occasionally provided to pharmaceutical companies for the purpose of drug development, in accordance with established protocols and regulatory guidelines.",yes,
36,TC024,0.9,2,compliant,"We retain your transaction data for seven years as required by the Income Tax Act, 1961. All other personal data is deleted within 30 days of account closure.","We maintain a comprehensive data retention policy in accordance with relevant legislative requirements. Specific data types are retained for defined periods to ensure compliance with regulatory frameworks, with certain data sets being preserved for extended durations as necessary.",yes,
37,TC187,0.7,2,compliant,"Riders can request a full export of their trip history and personal data through the app's privacy settings, with requests fulfilled within the stipulated statutory period.","Employees are entitled to a comprehensive extraction of their operational history and associated data via the system's security parameters, with processing ensured within the defined compliance timeframe.",yes,
38,TC160,0.9,1,violating,"A server misconfiguration exposed thousands of patients' diagnostic reports online for a week; the internal team decided not to inform patients since 'no evidence of misuse' was found, despite the exposure itself qualifying as a breach.","A server configuration issue led to the temporary public accessibility of diagnostic reports for a limited period. Following an internal review, it was determined that there was no definitive evidence of misuse, and therefore, the affected parties were not notified, in accordance with the organization's standard procedures for such incidents.",yes,
39,TC098,0.7,1,compliant,We use your browsing history within our platform solely to personalise your homepage feed. This data is not shared externally and is deleted when you clear your history.,"We leverage your digital footprint within our ecosystem to optimize your personalized experience. This information is safeguarded and not disclosed to external parties; however, its retention and management are subject to periodic review and internal policy adjustments.",yes,
40,TC055,0.7,2,violating,"As a Significant Data Fiduciary, we have not conducted a Data Protection Impact Assessment in the last 24 months despite being required to do so annually.","A Data Protection Impact Assessment has not been performed within the past 24 months, although regular reviews are mandated on an annual basis as per our established procedures.",yes,
41,TC169,0.5,2,violating,Customer purchase and payment data is routinely synced to an overseas fulfillment partner's servers with no data transfer agreement and no assessment of that country's data protection standards.,"Customer purchase and payment data is periodically transmitted to international support infrastructure for processing, in accordance with standard operational procedures. Such transfers are conducted in compliance with relevant contractual obligations and without breaching any data protection standards as assessed against applicable frameworks.",yes,
42,TC191,0.7,1,compliant,"Subscribers can escalate an unresolved privacy complaint to StreamFlix's designated Grievance Officer, whose contact details are published in the app's privacy settings.","Subscribers are encouraged to engage with StreamFlix's dedicated Privacy Compliance Unit for unresolved issues, with contact information readily accessible within the application's administrative settings.",yes,
43,TC113,0.9,3,compliant,"HMD relies on 'your consent' as a legal ground only where it has obtained free, specific, informed, unconditional, and unambiguous consent through a clear affirmative action, as required under the DPDPA.","HMD adheres to 'your consent' as a legal ground exclusively where it secures explicit, voluntary, and unequivocal authorization via a demonstrable affirmative action, in accordance with the DPDP Act's stipulations.",yes,
44,TC185,0.5,1,violating,"CityCab continuously tracks riders' locations even when the app is closed and not in use, using this data to build movement profiles sold to third-party advertisers without consent.","CityCab continually monitors rider activity data, both within and outside the application, to enhance service offerings. This data is aggregated and anonymized before being shared with third-party partners for advertising purposes.",yes,
45,TC061,0.9,1,compliant,We process your Aadhaar number to verify your identity for onboarding as required by RBI KYC guidelines.,"We utilize your unique identifier for the verification of your identity in accordance with regulatory requirements, as stipulated by the relevant authorities.",yes,
46,TC177,0.9,2,compliant,"When a vendor's database containing customer passport scans was compromised, TravelWise promptly notified affected travelers and reported the incident to the Data Protection Board within the required timeframe.","Upon the discovery of an unauthorized access to a vendor's system that potentially involved customer data, TravelWise swiftly initiated a comprehensive incident response protocol. This protocol included timely communication with potentially affected parties and submission of the incident report to the relevant data protection authorities within the stipulated period.",yes,
47,TC058,0.9,2,violating,Our Consent Manager platform is operated by a company incorporated in Singapore and does not meet the Indian incorporation requirement.,"Our Consent Manager platform, which is operated by a company registered under the provisions of the Singapore Corporate Law, is reviewed against global data governance standards and is currently being assessed for any necessary adjustments to ensure compliance across jurisdictions.",yes,
48,TC155,0.7,1,violating,"FinEdge retains KYC documents and transaction history of closed accounts indefinitely with no defined retention schedule, well beyond the period required by applicable financial regulation.","FinEdge maintains the secure storage of Know Your Customer (KYC) documentation and transaction histories associated with closed accounts for an extended period, in accordance with internal best practices, without a formally defined schedule, to ensure comprehensive compliance with relevant financial regulations.",yes,
49,TC045,0.9,3,compliant,"For users under 18, we obtain verifiable consent from a parent or guardian via our DigiLocker-integrated verification system before any account creation or data processing.","For users under 18, we seek verifiable consent from a parent or guardian through our integrated verification platform prior to account creation or data processing.",yes,
50,TC014,0.9,1,compliant,We collect only your name and email address to create your account. No additional personal information is required or requested.,"We gather minimal data, including your name and email address, to facilitate your account creation. Further personal information may be implied or required in certain circumstances.",yes,
